Temporada;DateTime;Local;Visitante;GolesLocal;GolesVisitante;Resultado;GolesLocalDescanso;GolesVisitanteDescanso;ResuladoDescanso;Arbitro;AmarillasLocal;AmarillasVisitante;RojasLocal;RojasVisitante;Probabilidad;Lluvia;ColorLocal
2020-21;2020-09-12T12:30:00Z;Fulham;Arsenal;0;3;A;0;1;A;C Kavanagh;2;2;0;0;49.6;false;blanco, negro
2020-21;2020-09-12T15:00:00Z;Crystal Palace;Southampton;1;0;H;1;0;H;J Moss;2;1;0;0;70.9;true;azul, rojo
2020-21;2020-09-12T17:30:00Z;Liverpool;Leeds;4;3;H;3;2;H;M Oliver;1;0;0;0;79.6;true;rojo, rojo
2020-21;2020-09-12T20:00:00Z;West Ham;Newcastle;0;2;A;0;0;D;S Attwell;2;2;0;0;71.1;true;rojo, celeste
2020-21;2020-09-13T14:00:00Z;West Brom;Leicester;0;3;A;0;0;D;A Taylor;1;1;0;0;43.4;true;blanco, azul
2020-21;2020-09-13T16:30:00Z;Tottenham;Everton;0;1;A;0;0;D;M Atkinson;1;0;0;0;54.7;true;blanco, azul
2020-21;2020-09-14T20:15:00Z;Brighton;Chelsea;1;3;A;0;1;A;C Pawson;1;0;0;0;48.6;false;azul, blanco
2020-21;2020-09-14T18:00:00Z;Sheffield United;Wolves;0;2;A;0;2;A;M Dean;2;1;0;0;30.1;true;rojo, blanco, negro
2020-21;2020-09-19T12:30:00Z;Everton;West Brom;5;2;H;2;1;H;M Dean;1;0;0;1;68.7;false;azul, blanco
2020-21;2020-09-19T15:00:00Z;Leeds;Fulham;4;3;H;2;1;H;A Taylor;1;2;0;0;50.7;false;blanco, amarillo
2020-21;2020-09-19T17:30:00Z;Man United;Crystal Palace;1;3;A;0;1;A;M Atkinson;2;1;0;0;42.9;false;rojo, blanco
2020-21;2020-09-19T20:00:00Z;Arsenal;West Ham;2;1;H;1;1;D;M Oliver;0;1;0;0;64.1;true;rojo, blanco
2020-21;2020-09-20T12:00:00Z;Southampton;Tottenham;2;5;A;1;1;D;D Coote;4;3;0;0;69.9;true;rojo, negro, blanco
2020-21;2020-09-20T14:00:00Z;Newcastle;Brighton;0;3;A;0;2;A;K Friend;3;0;0;1;27.0;false;negro, blanco
2020-21;2020-09-20T16:30:00Z;Chelsea;Liverpool;0;2;A;0;0;D;P Tierney;0;0;1;0;48.1;false;azul, blanco
2020-21;2020-09-20T19:00:00Z;Leicester;Burnley;4;2;H;1;1;D;L Mason;1;2;0;0;66.3;true;azul, blanco
2020-21;2020-09-21T18:00:00Z;Aston Villa;Sheffield United;1;0;H;0;0;D;G Scott;3;1;0;1;58.5;true;rojo, celeste, blanco
2020-21;2020-09-21T20:15:00Z;Wolves;Man City;1;3;A;0;2;A;A Marriner;0;3;0;0;78.8;false;amarillo, negro
2020-21;2020-09-26T12:30:00Z;Brighton;Man United;2;3;A;1;1;D;C Kavanagh;4;2;0;0;77.8;false;azul, blanco
2020-21;2020-09-26T15:00:00Z;Crystal Palace;Everton;1;2;A;1;2;A;K Friend;3;1;0;0;64.2;false;azul, rojo
2020-21;2020-09-26T17:30:00Z;West Brom;Chelsea;3;3;D;3;0;H;J Moss;1;3;0;0;66.9;false;blanco, azul
2020-21;2020-09-26T20:00:00Z;Burnley;Southampton;0;1;A;0;1;A;A Marriner;1;0;0;0;25.3;false;rojo, celeste
2020-21;2020-09-27T12:00:00Z;Sheffield United;Leeds;0;1;A;0;0;D;P Tierney;2;1;0;0;25.2;true;rojo, blanco, negro
2020-21;2020-09-27T14:00:00Z;Tottenham;Newcastle;1;1;D;1;0;H;P Bankes;1;4;0;0;64.7;true;blanco, azul
2020-21;2020-09-27T16:30:00Z;Man City;Leicester;2;5;A;1;1;D;M Oliver;1;3;0;0;20.2;true;celeste, blanco
2020-21;2020-09-27T19:00:00Z;West Ham;Wolves;4;0;H;1;0;H;M Atkinson;0;1;0;0;51.5;false;rojo, celeste
2020-21;2020-09-28T17:45:00Z;Fulham;Aston Villa;0;3;A;0;2;A;S Attwell;6;3;0;0;33.0;false;blanco, negro
2020-21;2020-09-28T20:00:00Z;Liverpool;Arsenal;3;1;H;2;1;H;C Pawson;2;2;0;0;59.3;true;rojo, rojo
2020-21;2020-10-03T12:30:00Z;Chelsea;Crystal Palace;4;0;H;0;0;D;M Oliver;2;0;0;0;38.3;true;azul, blanco
2020-21;2020-10-03T15:00:00Z;Everton;Brighton;4;2;H;2;1;H;S Hooper;0;1;0;0;42.3;false;azul, blanco
2020-21;2020-10-03T17:30:00Z;Leeds;Man City;1;1;D;0;1;A;M Dean;2;1;0;0;71.1;false;blanco, amarillo
2020-21;2020-10-03T20:00:00Z;Newcastle;Burnley;3;1;H;1;0;H;D Coote;2;3;0;0;63.8;false;negro, blanco
2020-21;2020-10-04T12:00:00Z;Leicester;West Ham;0;3;A;0;2;A;A Madley;2;2;0;0;74.3;true;azul, blanco
2020-21;2020-10-04T12:00:00Z;Southampton;West Brom;2;0;H;1;0;H;C Kavanagh;2;1;0;0;57.9;false;rojo, negro, blanco
2020-21;2020-10-04T14:00:00Z;Arsenal;Sheffield United;2;1;H;0;0;D;L Mason;0;1;0;0;70.4;false;rojo, blanco
2020-21;2020-10-04T14:00:00Z;Wolves;Fulham;1;0;H;0;0;D;D England;1;1;0;0;72.7;false;amarillo, negro
2020-21;2020-10-04T16:30:00Z;Man United;Tottenham;1;6;A;1;4;A;A Taylor;2;1;1;0;50.1;true;rojo, blanco
2020-21;2020-10-04T19:15:00Z;Aston Villa;Liverpool;7;2;H;4;1;H;M Atkinson;2;1;0;0;20.6;false;rojo, celeste, blanco
2020-21;2020-10-17T12:30:00Z;Everton;Liverpool;2;2;D;1;1;D;M Oliver;3;2;1;0;49.7;true;azul, blanco
2020-21;2020-10-17T15:00:00Z;Chelsea;Southampton;3;3;D;2;1;H;P Bankes;1;1;0;0;78.7;false;azul, blanco
2020-21;2020-10-17T17:30:00Z;Man City;Arsenal;1;0;H;1;0;H;C Kavanagh;4;1;0;0;63.7;true;celeste, blanco
2020-21;2020-10-17T20:00:00Z;Newcastle;Man United;1;4;A;1;1;D;C Pawson;1;1;0;0;28.6;true;negro, blanco
2020-21;2020-10-18T12:00:00Z;Sheffield United;Fulham;1;1;D;0;0;D;A Marriner;0;2;0;0;24.0;false;rojo, blanco, negro
2020-21;2020-10-18T14:00:00Z;Crystal Palace;Brighton;1;1;D;1;0;H;S Attwell;3;2;0;1;31.6;false;azul, rojo
2020-21;2020-10-18T16:30:00Z;Tottenham;West Ham;3;3;D;3;0;H;P Tierney;0;5;0;0;68.8;true;blanco, azul
2020-21;2020-10-18T19:15:00Z;Leicester;Aston Villa;0;1;A;0;0;D;J Moss;4;3;0;0;43.1;false;azul, blanco
2020-21;2020-10-19T17:30:00Z;West Brom;Burnley;0;0;D;0;0;D;A Taylor;2;2;0;0;59.8;true;blanco, azul
2020-21;2020-10-19T20:00:00Z;Leeds;Wolves;0;1;A;0;0;D;D Coote;2;1;0;0;56.8;true;blanco, amarillo
2020-21;2020-10-23T20:00:00Z;Aston Villa;Leeds;0;3;A;0;0;D;P Tierney;2;2;0;0;58.9;false;rojo, celeste, blanco
2020-21;2020-10-24T12:30:00Z;West Ham;Man City;1;1;D;1;0;H;A Taylor;2;0;0;0;54.5;false;rojo, celeste
2020-21;2020-10-24T15:00:00Z;Fulham;Crystal Palace;1;2;A;0;1;A;G Scott;0;1;1;0;31.0;false;blanco, negro
2020-21;2020-10-24T17:30:00Z;Man United;Chelsea;0;0;D;0;0;D;M Atkinson;3;1;0;0;35.7;true;rojo, blanco
2020-21;2020-10-24T20:00:00Z;Liverpool;Sheffield United;2;1;H;1;1;D;M Dean;0;3;0;0;31.7;true;rojo, rojo
2020-21;2020-10-25T14:00:00Z;Southampton;Everton;2;0;H;2;0;H;K Friend;1;2;0;1;44.0;false;rojo, negro, blanco
2020-21;2020-10-25T16:30:00Z;Wolves;Newcastle;1;1;D;0;0;D;L Mason;0;1;0;0;51.1;true;amarillo, negro
2020-21;2020-10-25T19:15:00Z;Arsenal;Leicester;0;1;A;0;0;D;C Pawson;3;5;0;0;22.8;true;rojo, blanco
2020-21;2020-10-26T17:30:00Z;Brighton;West Brom;1;1;D;1;0;H;J Moss;2;0;0;0;29.8;false;azul, blanco
2020-21;2020-10-26T20:00:00Z;Burnley;Tottenham;0;1;A;0;0;D;M Oliver;2;0;0;0;22.0;true;rojo, celeste
2020-21;2020-10-30T20:00:00Z;Wolves;Crystal Palace;2;0;H;2;0;H;M Atkinson;0;2;0;1;39.4;true;amarillo, negro
2020-21;2020-10-31T12:30:00Z;Sheffield United;Man City;0;1;A;0;1;A;M Oliver;0;0;0;0;67.5;true;rojo, blanco, negro
2020-21;2020-10-31T15:00:00Z;Burnley;Chelsea;0;3;A;0;1;A;D Coote;1;0;0;0;60.5;true;rojo, celeste
2020-21;2020-10-31T17:30:00Z;Liverpool;West Ham;2;1;H;1;1;D;K Friend;0;1;0;0;63.1;false;rojo, rojo
2020-21;2020-11-01T12:00:00Z;Aston Villa;Southampton;3;4;A;0;3;A;D England;1;2;0;0;59.1;true;rojo, celeste, blanco
2020-21;2020-11-01T14:00:00Z;Newcastle;Everton;2;1;H;0;0;D;S Attwell;2;4;0;0;48.6;false;negro, blanco
2020-21;2020-11-01T16:30:00Z;Man United;Arsenal;0;1;A;0;0;D;M Dean;3;3;0;0;23.1;false;rojo, blanco
2020-21;2020-11-01T19:15:00Z;Tottenham;Brighton;2;1;H;1;0;H;G Scott;2;1;0;0;63.4;true;blanco, azul
2020-21;2020-11-02T17:30:00Z;Fulham;West Brom;2;0;H;2;0;H;S Hooper;3;2;0;0;61.9;true;blanco, negro
2020-21;2020-11-02T20:00:00Z;Leeds;Leicester;1;4;A;0;2;A;A Marriner;1;1;0;0;50.1;false;blanco, amarillo
2020-21;2020-11-06T17:30:00Z;Brighton;Burnley;0;0;D;0;0;D;M Dean;1;0;0;0;36.2;true;azul, blanco
2020-21;2020-11-06T20:00:00Z;Southampton;Newcastle;2;0;H;1;0;H;P Bankes;1;2;0;0;64.3;true;rojo, negro, blanco
2020-21;2020-11-07T12:30:00Z;Everton;Man United;1;3;A;1;2;A;P Tierney;4;2;0;0;57.2;false;azul, blanco
2020-21;2020-11-07T15:00:00Z;Crystal Palace;Leeds;4;1;H;3;1;H;C Kavanagh;0;2;0;0;36.5;true;azul, rojo
2020-21;2020-11-07T17:30:00Z;Chelsea;Sheffield United;4;1;H;2;1;H;J Moss;0;2;0;0;65.8;false;azul, blanco
2020-21;2020-11-07T20:00:00Z;West Ham;Fulham;1;0;H;0;0;D;R Jones;2;2;0;0;74.0;false;rojo, celeste
2020-21;2020-11-08T12:00:00Z;West Brom;Tottenham;0;1;A;0;0;D;A Madley;1;0;0;0;71.0;true;blanco, azul
2020-21;2020-11-08T14:00:00Z;Leicester;Wolves;1;0;H;1;0;H;A Taylor;2;3;0;0;38.2;false;azul, blanco
2020-21;2020-11-08T16:30:00Z;Man City;Liverpool;1;1;D;1;1;D;C Pawson;3;1;0;0;57.6;false;celeste, blanco
2020-21;2020-11-08T19:15:00Z;Arsenal;Aston Villa;0;3;A;0;1;A;M Atkinson;0;0;0;0;31.3;false;rojo, blanco
2020-21;2020-11-21T12:30:00Z;Newcastle;Chelsea;0;2;A;0;1;A;C Pawson;2;0;0;0;66.9;false;negro, blanco
2020-21;2020-11-21T15:00:00Z;Aston Villa;Brighton;1;2;A;0;1;A;M Oliver;2;1;0;1;39.8;true;rojo, celeste, blanco
2020-21;2020-11-21T17:30:00Z;Tottenham;Man City;2;0;H;1;0;H;M Dean;2;2;0;0;44.8;true;blanco, azul
2020-21;2020-11-21T20:00:00Z;Man United;West Brom;1;0;H;0;0;D;D Coote;1;1;0;0;27.3;true;rojo, blanco
2020-21;2020-11-22T12:00:00Z;Fulham;Everton;2;3;A;1;3;A;A Madley;2;0;0;0;22.2;false;blanco, negro
2020-21;2020-11-22T14:00:00Z;Sheffield United;West Ham;0;1;A;0;0;D;M Atkinson;0;0;0;0;24.5;false;rojo, blanco, negro
2020-21;2020-11-22T16:30:00Z;Leeds;Arsenal;0;0;D;0;0;D;A Taylor;3;0;0;1;30.9;true;blanco, amarillo
2020-21;2020-11-22T19:15:00Z;Liverpool;Leicester;3;0;H;2;0;H;C Kavanagh;0;2;0;0;60.5;false;rojo, rojo
2020-21;2020-11-23T17:30:00Z;Burnley;Crystal Palace;1;0;H;1;0;H;K Friend;2;0;0;0;28.7;false;rojo, celeste
2020-21;2020-11-23T20:00:00Z;Wolves;Southampton;1;1;D;0;0;D;A Marriner;2;0;0;0;26.3;true;amarillo, negro
2020-21;2020-11-27T20:00:00Z;Crystal Palace;Newcastle;0;2;A;0;0;D;G Scott;2;2;0;0;67.8;false;azul, rojo
2020-21;2020-11-28T12:30:00Z;Brighton;Liverpool;1;1;D;0;0;D;S Attwell;2;1;0;0;61.8;false;azul, blanco
2020-21;2020-11-28T15:00:00Z;Man City;Burnley;5;0;H;3;0;H;L Mason;0;0;0;0;68.9;false;celeste, blanco
2020-21;2020-11-28T17:30:00Z;Everton;Leeds;0;1;A;0;0;D;C Kavanagh;1;2;0;0;52.5;true;azul, blanco
2020-21;2020-11-28T20:00:00Z;West Brom;Sheffield United;1;0;H;1;0;H;M Dean;2;3;0;0;24.9;false;blanco, azul
2020-21;2020-11-29T14:00:00Z;Southampton;Man United;2;3;A;2;0;H;J Moss;1;0;0;0;32.4;false;rojo, negro, blanco
2020-21;2020-11-29T16:30:00Z;Chelsea;Tottenham;0;0;D;0;0;D;P Tierney;4;2;0;0;72.0;true;azul, blanco
2020-21;2020-11-29T19:15:00Z;Arsenal;Wolves;1;2;A;1;2;A;M Oliver;3;4;0;0;34.8;false;rojo, blanco
2020-21;2020-11-30T17:30:00Z;Leicester;Fulham;1;2;A;0;2;A;S Hooper;0;2;0;0;47.0;false;azul, blanco
2020-21;2020-11-30T20:00:00Z;West Ham;Aston Villa;2;1;H;1;1;D;P Bankes;1;1;0;0;29.1;true;rojo, celeste
2020-21;2020-12-05T12:30:00Z;Burnley;Everton;1;1;D;1;1;D;A Taylor;0;0;0;0;20.4;true;rojo, celeste
2020-21;2020-12-05T15:00:00Z;Man City;Fulham;2;0;H;2;0;H;J Moss;0;0;0;0;70.1;false;celeste, blanco
2020-21;2020-12-05T17:30:00Z;West Ham;Man United;1;3;A;1;0;H;A Marriner;0;0;0;0;74.7;false;rojo, celeste
2020-21;2020-12-05T20:00:00Z;Chelsea;Leeds;3;1;H;1;1;D;K Friend;0;2;0;0;76.9;false;azul, blanco
2020-21;2020-12-06T12:00:00Z;West Brom;Crystal Palace;1;5;A;1;1;D;P Tierney;2;2;1;0;48.1;false;blanco, azul
2020-21;2020-12-06T14:15:00Z;Sheffield United;Leicester;1;2;A;1;1;D;S Attwell;1;3;0;0;52.0;true;rojo, blanco, negro
2020-21;2020-12-06T16:30:00Z;Tottenham;Arsenal;2;0;H;2;0;H;M Atkinson;1;2;0;0;29.6;true;blanco, azul
2020-21;2020-12-06T19:15:00Z;Liverpool;Wolves;4;0;H;1;0;H;C Pawson;1;1;0;0;67.5;true;rojo, rojo
2020-21;2020-12-07T20:00:00Z;Brighton;Southampton;1;2;A;1;1;D;D Coote;3;3;0;0;60.4;true;azul, blanco
2020-21;2020-12-11T20:00:00Z;Leeds;West Ham;1;2;A;1;1;D;M Oliver;1;2;0;0;39.7;true;blanco, amarillo
2020-21;2020-12-12T12:30:00Z;Wolves;Aston Villa;0;1;A;0;0;D;M Dean;2;5;0;0;58.7;false;amarillo, negro
2020-21;2020-12-12T15:00:00Z;Newcastle;West Brom;2;1;H;1;0;H;D England;2;3;0;0;76.5;true;negro, blanco
2020-21;2020-12-12T17:30:00Z;Man United;Man City;0;0;D;0;0;D;C Kavanagh;1;1;0;0;51.0;true;rojo, blanco
2020-21;2020-12-12T20:00:00Z;Everton;Chelsea;1;0;H;1;0;H;J Moss;2;3;0;0;39.2;true;azul, blanco
2020-21;2020-12-13T12:00:00Z;Southampton;Sheffield United;3;0;H;1;0;H;A Madley;0;1;0;0;73.7;true;rojo, negro, blanco
2020-21;2020-12-13T14:15:00Z;Crystal Palace;Tottenham;1;1;D;0;1;A;K Friend;1;1;0;0;40.7;true;azul, rojo
2020-21;2020-12-13T16:30:00Z;Fulham;Liverpool;1;1;D;1;0;H;A Marriner;3;1;0;0;23.2;false;blanco, negro
2020-21;2020-12-13T19:15:00Z;Arsenal;Burnley;0;1;A;0;0;D;G Scott;2;1;1;0;40.0;false;rojo, blanco
2020-21;2020-12-13T19:15:00Z;Leicester;Brighton;3;0;H;3;0;H;M Atkinson;2;1;0;0;59.4;true;azul, blanco
2020-21;2020-12-15T18:00:00Z;Wolves;Chelsea;2;1;H;0;0;D;S Attwell;2;2;0;0;64.6;true;amarillo, negro
2020-21;2020-12-15T20:00:00Z;Man City;West Brom;1;1;D;1;1;D;P Bankes;2;3;0;0;54.5;false;celeste, blanco
2020-21;2020-12-16T18:00:00Z;Arsenal;Southampton;1;1;D;0;1;A;P Tierney;1;3;1;0;36.6;false;rojo, blanco
2020-21;2020-12-16T18:00:00Z;Leeds;Newcastle;5;2;H;1;1;D;S Hooper;3;1;0;0;60.8;false;blanco, amarillo
2020-21;2020-12-16T18:00:00Z;Leicester;Everton;0;2;A;0;1;A;L Mason;2;3;0;0;71.7;false;azul, blanco
2020-21;2020-12-16T20:00:00Z;Fulham;Brighton;0;0;D;0;0;D;R Jones;1;0;0;0;70.3;false;blanco, negro
2020-21;2020-12-16T20:00:00Z;Liverpool;Tottenham;2;1;H;1;1;D;A Taylor;0;2;0;0;34.8;false;rojo, rojo
2020-21;2020-12-16T20:00:00Z;West Ham;Crystal Palace;1;1;D;0;1;A;D Coote;0;1;0;1;66.7;true;rojo, celeste
2020-21;2020-12-17T18:00:00Z;Aston Villa;Burnley;0;0;D;0;0;D;C Pawson;1;1;0;0;68.2;false;rojo, celeste, blanco
2020-21;2020-12-17T20:00:00Z;Sheffield United;Man United;2;3;A;1;2;A;M Oliver;3;2;0;0;61.6;false;rojo, blanco, negro
2020-21;2020-12-19T12:30:00Z;Crystal Palace;Liverpool;0;7;A;0;3;A;J Moss;1;0;0;0;61.7;false;azul, rojo
2020-21;2020-12-19T15:00:00Z;Southampton;Man City;0;1;A;0;1;A;M Dean;2;2;0;0;54.2;false;rojo, negro, blanco
2020-21;2020-12-19T17:30:00Z;Everton;Arsenal;2;1;H;2;1;H;A Marriner;1;3;0;0;58.6;false;azul, blanco
2020-21;2020-12-19T20:00:00Z;Newcastle;Fulham;1;1;D;0;1;A;G Scott;1;2;0;1;52.6;true;negro, blanco
2020-21;2020-12-20T12:00:00Z;Brighton;Sheffield United;1;1;D;0;0;D;P Bankes;1;5;0;1;79.9;true;azul, blanco
2020-21;2020-12-20T14:15:00Z;Tottenham;Leicester;0;2;A;0;1;A;C Pawson;2;2;0;0;68.5;false;blanco, azul
2020-21;2020-12-20T16:30:00Z;Man United;Leeds;6;2;H;4;1;H;A Taylor;1;0;0;0;29.2;true;rojo, blanco
2020-21;2020-12-20T19:15:00Z;West Brom;Aston Villa;0;3;A;0;1;A;M Atkinson;1;2;1;0;42.7;false;blanco, azul
2020-21;2020-12-21T17:30:00Z;Burnley;Wolves;2;1;H;1;0;H;L Mason;2;1;0;0;68.4;false;rojo, celeste
2020-21;2020-12-21T20:00:00Z;Chelsea;West Ham;3;0;H;1;0;H;C Kavanagh;0;0;0;0;41.6;false;azul, blanco
2020-21;2020-12-26T12:30:00Z;Leicester;Man United;2;2;D;1;1;D;M Dean;2;1;0;0;64.0;true;azul, blanco
2020-21;2020-12-26T15:00:00Z;Aston Villa;Crystal Palace;3;0;H;1;0;H;A Taylor;1;4;1;0;39.0;true;rojo, celeste, blanco
2020-21;2020-12-26T15:00:00Z;Fulham;Southampton;0;0;D;0;0;D;D England;2;0;0;0;68.7;true;blanco, negro
2020-21;2020-12-26T17:30:00Z;Arsenal;Chelsea;3;1;H;2;0;H;M Oliver;2;1;0;0;20.8;false;rojo, blanco
2020-21;2020-12-26T20:00:00Z;Man City;Newcastle;2;0;H;1;0;H;A Marriner;2;2;0;0;30.4;false;celeste, blanco
2020-21;2020-12-26T20:00:00Z;Sheffield United;Everton;0;1;A;0;0;D;D Coote;2;4;0;0;20.4;true;rojo, blanco, negro
2020-21;2020-12-27T12:00:00Z;Leeds;Burnley;1;0;H;1;0;H;R Jones;0;3;0;0;31.8;false;blanco, amarillo
2020-21;2020-12-27T14:15:00Z;West Ham;Brighton;2;2;D;0;1;A;S Hooper;0;0;0;0;57.0;false;rojo, celeste
2020-21;2020-12-27T16:30:00Z;Liverpool;West Brom;1;1;D;1;0;H;K Friend;0;1;0;0;50.1;false;rojo, rojo
2020-21;2020-12-27T19:15:00Z;Wolves;Tottenham;1;1;D;0;1;A;P Tierney;4;1;0;0;57.4;true;amarillo, negro
2020-21;2020-12-28T15:00:00Z;Crystal Palace;Leicester;1;1;D;0;0;D;G Scott;0;1;0;0;79.9;true;azul, rojo
2020-21;2020-12-28T17:30:00Z;Chelsea;Aston Villa;1;1;D;1;0;H;S Attwell;3;1;0;0;42.2;false;azul, blanco
2020-21;2020-12-29T18:00:00Z;Brighton;Arsenal;0;1;A;0;0;D;M Atkinson;2;0;0;0;65.5;false;azul, blanco
2020-21;2020-12-29T18:00:00Z;Burnley;Sheffield United;1;0;H;1;0;H;C Kavanagh;1;2;0;0;65.0;true;rojo, celeste
2020-21;2020-12-29T18:00:00Z;Southampton;West Ham;0;0;D;0;0;D;A Madley;3;1;0;0;59.1;true;rojo, negro, blanco
2020-21;2020-12-29T18:00:00Z;West Brom;Leeds;0;5;A;0;4;A;L Mason;0;1;0;0;77.5;false;blanco, azul
2020-21;2020-12-29T20:00:00Z;Man United;Wolves;1;0;H;0;0;D;J Moss;1;1;0;0;21.0;true;rojo, blanco
2020-21;2020-12-30T20:00:00Z;Newcastle;Liverpool;0;0;D;0;0;D;P Tierney;2;3;0;0;44.7;true;negro, blanco
2020-21;2021-01-01T17:30:00Z;Everton;West Ham;0;1;A;0;0;D;K Friend;2;0;0;0;36.1;true;azul, blanco
2020-21;2021-01-01T20:00:00Z;Man United;Aston Villa;2;1;H;1;0;H;M Oliver;4;0;0;0;73.0;true;rojo, blanco
2020-21;2021-01-02T12:30:00Z;Tottenham;Leeds;3;0;H;2;0;H;D Coote;2;1;1;0;20.6;true;blanco, azul
2020-21;2021-01-02T15:00:00Z;Crystal Palace;Sheffield United;2;0;H;2;0;H;S Attwell;1;3;0;0;52.3;false;azul, rojo
2020-21;2021-01-02T17:30:00Z;Brighton;Wolves;3;3;D;1;3;A;A Madley;2;1;0;0;53.5;false;azul, blanco
2020-21;2021-01-02T20:00:00Z;West Brom;Arsenal;0;4;A;0;2;A;M Atkinson;1;2;0;0;66.4;true;blanco, azul
2020-21;2021-01-03T14:15:00Z;Newcastle;Leicester;1;2;A;0;0;D;R Jones;0;2;0;0;75.8;true;negro, blanco
2020-21;2021-01-03T16:30:00Z;Chelsea;Man City;1;3;A;0;3;A;A Taylor;3;1;0;0;42.8;true;azul, blanco
2020-21;2021-01-04T20:00:00Z;Southampton;Liverpool;1;0;H;1;0;H;A Marriner;1;3;0;0;37.7;true;rojo, negro, blanco
2020-21;2021-01-12T18:00:00Z;Sheffield United;Newcastle;1;0;H;0;0;D;A Madley;2;3;0;1;65.2;true;rojo, blanco, negro
2020-21;2021-01-12T20:15:00Z;Burnley;Man United;0;1;A;0;0;D;K Friend;1;2;0;0;46.7;true;rojo, celeste
2020-21;2021-01-12T20:15:00Z;Wolves;Everton;1;2;A;1;1;D;M Atkinson;2;2;0;0;37.5;false;amarillo, negro
2020-21;2021-01-13T18:00:00Z;Man City;Brighton;1;0;H;1;0;H;D England;0;2;0;0;22.9;false;celeste, blanco
2020-21;2021-01-13T20:15:00Z;Tottenham;Fulham;1;1;D;1;0;H;P Tierney;1;2;0;0;28.5;true;blanco, azul
2020-21;2021-01-14T20:00:00Z;Arsenal;Crystal Palace;0;0;D;0;0;D;A Marriner;1;1;0;0;56.0;true;rojo, blanco
2020-21;2021-01-16T12:30:00Z;Wolves;West Brom;2;3;A;2;1;H;M Oliver;2;1;0;0;57.7;true;amarillo, negro
2020-21;2021-01-16T15:00:00Z;Leeds;Brighton;0;1;A;0;1;A;K Friend;1;1;0;0;76.6;false;blanco, amarillo
2020-21;2021-01-16T15:00:00Z;West Ham;Burnley;1;0;H;1;0;H;C Kavanagh;2;1;0;0;34.8;false;rojo, celeste
2020-21;2021-01-16T17:30:00Z;Fulham;Chelsea;0;1;A;0;0;D;P Bankes;2;3;1;0;52.9;true;blanco, negro
2020-21;2021-01-16T20:00:00Z;Leicester;Southampton;2;0;H;1;0;H;S Attwell;2;2;0;0;33.2;true;azul, blanco
2020-21;2021-01-17T14:00:00Z;Sheffield United;Tottenham;1;3;A;0;2;A;A Marriner;4;0;0;0;37.7;true;rojo, blanco, negro
2020-21;2021-01-17T16:30:00Z;Liverpool;Man United;0;0;D;0;0;D;P Tierney;2;1;0;0;71.7;true;rojo, rojo
2020-21;2021-01-17T19:15:00Z;Man City;Crystal Palace;4;0;H;1;0;H;L Mason;0;0;0;0;58.0;true;celeste, blanco
2020-21;2021-01-18T20:00:00Z;Arsenal;Newcastle;3;0;H;0;0;D;D Coote;0;0;0;0;54.0;true;rojo, blanco
2020-21;2021-01-19T18:00:00Z;West Ham;West Brom;2;1;H;1;0;H;G Scott;0;1;0;0;63.7;true;rojo, celeste
2020-21;2021-01-19T20:15:00Z;Leicester;Chelsea;2;0;H;2;0;H;C Pawson;1;3;0;0;57.7;false;azul, blanco
2020-21;2021-01-20T18:00:00Z;Man City;Aston Villa;2;0;H;0;0;D;J Moss;0;2;0;0;28.8;true;celeste, blanco
2020-21;2021-01-20T20:15:00Z;Fulham;Man United;1;2;A;1;1;D;M Atkinson;3;1;0;0;40.6;true;blanco, negro
2020-21;2021-01-21T20:00:00Z;Liverpool;Burnley;0;1;A;0;0;D;M Dean;2;1;0;0;30.0;true;rojo, rojo
2020-21;2021-01-23T20:00:00Z;Aston Villa;Newcastle;2;0;H;2;0;H;S Hooper;0;3;0;0;45.4;false;rojo, celeste, blanco
2020-21;2021-01-26T18:00:00Z;Crystal Palace;West Ham;2;3;A;1;2;A;S Attwell;0;0;0;0;76.4;true;azul, rojo
2020-21;2021-01-26T18:00:00Z;Newcastle;Leeds;1;2;A;0;1;A;A Taylor;1;3;0;0;40.9;true;negro, blanco
2020-21;2021-01-26T20:15:00Z;Southampton;Arsenal;1;3;A;1;2;A;K Friend;1;2;0;0;25.2;false;rojo, negro, blanco
2020-21;2021-01-26T20:15:00Z;West Brom;Man City;0;5;A;0;4;A;C Kavanagh;2;0;0;0;73.8;true;blanco, azul
2020-21;2021-01-27T18:00:00Z;Burnley;Aston Villa;3;2;H;0;1;A;P Tierney;1;0;0;0;50.9;false;rojo, celeste
2020-21;2021-01-27T18:00:00Z;Chelsea;Wolves;0;0;D;0;0;D;A Madley;1;1;0;0;27.3;false;azul, blanco
2020-21;2021-01-27T19:30:00Z;Brighton;Fulham;0;0;D;0;0;D;C Pawson;2;1;0;0;29.5;true;azul, blanco
2020-21;2021-01-27T20:15:00Z;Everton;Leicester;1;1;D;1;0;H;M Dean;1;1;0;0;68.6;true;azul, blanco
2020-21;2021-01-27T20:15:00Z;Man United;Sheffield United;1;2;A;0;1;A;P Bankes;1;1;0;0;65.0;false;rojo, blanco
2020-21;2021-01-28T20:00:00Z;Tottenham;Liverpool;1;3;A;0;1;A;M Atkinson;1;2;0;0;45.2;true;blanco, azul
2020-21;2021-01-30T12:30:00Z;Everton;Newcastle;0;2;A;0;0;D;S Attwell;3;4;0;0;20.3;true;azul, blanco
2020-21;2021-01-30T15:00:00Z;Crystal Palace;Wolves;1;0;H;0;0;D;S Hooper;1;2;0;0;40.5;false;azul, rojo
2020-21;2021-01-30T15:00:00Z;Man City;Sheffield United;1;0;H;1;0;H;D Coote;0;3;0;0;68.0;true;celeste, blanco
2020-21;2021-01-30T15:00:00Z;West Brom;Fulham;2;2;D;0;1;A;A Taylor;1;0;0;0;26.5;false;blanco, azul
2020-21;2021-01-30T17:30:00Z;Arsenal;Man United;0;0;D;0;0;D;M Oliver;1;3;0;0;60.1;true;rojo, blanco
2020-21;2021-01-30T20:00:00Z;Southampton;Aston Villa;0;1;A;0;1;A;L Mason;1;0;0;0;26.1;false;rojo, negro, blanco
2020-21;2021-01-31T12:00:00Z;Chelsea;Burnley;2;0;H;1;0;H;G Scott;0;1;0;0;50.4;false;azul, blanco
2020-21;2021-01-31T14:00:00Z;Leicester;Leeds;1;3;A;1;1;D;C Kavanagh;0;3;0;0;73.9;false;azul, blanco
2020-21;2021-01-31T16:30:00Z;West Ham;Liverpool;1;3;A;0;0;D;J Moss;2;0;0;0;46.8;true;rojo, celeste
2020-21;2021-01-31T19:15:00Z;Brighton;Tottenham;1;0;H;1;0;H;P Bankes;2;1;0;0;32.2;false;azul, blanco
2020-21;2021-02-02T18:00:00Z;Sheffield United;West Brom;2;1;H;0;1;A;P Tierney;2;1;0;0;56.8;true;rojo, blanco, negro
2020-21;2021-02-02T18:00:00Z;Wolves;Arsenal;2;1;H;1;1;D;C Pawson;3;2;0;2;26.5;true;amarillo, negro
2020-21;2021-02-02T20:15:00Z;Man United;Southampton;9;0;H;4;0;H;M Dean;2;3;0;2;44.3;false;rojo, blanco
2020-21;2021-02-02T20:15:00Z;Newcastle;Crystal Palace;1;2;A;1;2;A;D England;1;3;0;0;24.7;true;negro, blanco
2020-21;2021-02-03T18:00:00Z;Burnley;Man City;0;2;A;0;2;A;M Atkinson;2;1;0;0;36.5;false;rojo, celeste
2020-21;2021-02-03T18:00:00Z;Fulham;Leicester;0;2;A;0;2;A;R Jones;3;1;0;0;47.3;false;blanco, negro
2020-21;2021-02-03T19:30:00Z;Leeds;Everton;1;2;A;0;2;A;M Oliver;2;3;0;0;77.9;false;blanco, amarillo
2020-21;2021-02-03T20:15:00Z;Aston Villa;West Ham;1;3;A;0;0;D;A Madley;1;1;0;0;31.1;false;rojo, celeste, blanco
2020-21;2021-02-03T20:15:00Z;Liverpool;Brighton;0;1;A;0;0;D;K Friend;1;0;0;0;66.7;false;rojo, rojo
2020-21;2021-02-04T20:00:00Z;Tottenham;Chelsea;0;1;A;0;1;A;A Marriner;2;3;0;0;58.8;true;blanco, azul
2020-21;2021-02-06T12:30:00Z;Aston Villa;Arsenal;1;0;H;1;0;H;C Kavanagh;3;2;0;0;29.7;false;rojo, celeste, blanco
2020-21;2021-02-06T15:00:00Z;Burnley;Brighton;1;1;D;0;1;A;A Taylor;2;0;0;0;27.3;false;rojo, celeste
2020-21;2021-02-06T15:00:00Z;Newcastle;Southampton;3;2;H;3;1;H;C Pawson;2;1;1;0;26.9;true;negro, blanco
2020-21;2021-02-06T17:30:00Z;Fulham;West Ham;0;0;D;0;0;D;M Dean;1;2;0;1;42.8;true;blanco, negro
2020-21;2021-02-06T20:00:00Z;Man United;Everton;3;3;D;2;0;H;J Moss;2;1;0;0;67.2;true;rojo, blanco
2020-21;2021-02-07T12:00:00Z;Tottenham;West Brom;2;0;H;0;0;D;S Attwell;1;2;0;0;27.0;false;blanco, azul
2020-21;2021-02-07T14:00:00Z;Wolves;Leicester;0;0;D;0;0;D;M Atkinson;1;3;0;0;38.9;false;amarillo, negro
2020-21;2021-02-07T16:30:00Z;Liverpool;Man City;1;4;A;0;0;D;M Oliver;2;1;0;0;26.6;false;rojo, rojo
2020-21;2021-02-07T19:15:00Z;Sheffield United;Chelsea;1;2;A;0;1;A;K Friend;1;0;0;0;58.3;true;rojo, blanco, negro
2020-21;2021-02-08T20:00:00Z;Leeds;Crystal Palace;2;0;H;1;0;H;A Marriner;0;2;0;0;24.5;false;blanco, amarillo
2020-21;2021-02-13T12:30:00Z;Leicester;Liverpool;3;1;H;0;0;D;A Taylor;1;2;0;0;73.6;false;azul, blanco
2020-21;2021-02-13T15:00:00Z;Crystal Palace;Burnley;0;3;A;0;2;A;M Oliver;0;0;0;0;78.7;true;azul, rojo
2020-21;2021-02-13T17:30:00Z;Man City;Tottenham;3;0;H;1;0;H;P Tierney;1;3;0;0;31.0;true;celeste, blanco
2020-21;2021-02-13T20:00:00Z;Brighton;Aston Villa;0;0;D;0;0;D;D England;2;3;0;0;44.4;true;azul, blanco
2020-21;2021-02-14T12:00:00Z;Southampton;Wolves;1;2;A;1;0;H;G Scott;2;2;0;0;37.6;true;rojo, negro, blanco
2020-21;2021-02-14T14:00:00Z;West Brom;Man United;1;1;D;1;1;D;C Pawson;5;0;0;0;59.3;false;blanco, azul
2020-21;2021-02-14T16:30:00Z;Arsenal;Leeds;4;2;H;3;0;H;S Attwell;0;2;0;0;66.7;true;rojo, blanco
2020-21;2021-02-14T19:00:00Z;Everton;Fulham;0;2;A;0;0;D;A Madley;1;1;0;0;35.8;false;azul, blanco
2020-21;2021-02-15T18:00:00Z;West Ham;Sheffield United;3;0;H;1;0;H;S Hooper;0;2;0;0;76.7;false;rojo, celeste
2020-21;2021-02-15T20:00:00Z;Chelsea;Newcastle;2;0;H;2;0;H;P Bankes;0;0;0;0;26.6;false;azul, blanco
2020-21;2021-02-17T18:00:00Z;Burnley;Fulham;1;1;D;0;0;D;J Moss;1;1;0;0;72.4;true;rojo, celeste
2020-21;2021-02-17T20:15:00Z;Everton;Man City;1;3;A;1;1;D;A Marriner;2;1;0;0;23.6;false;azul, blanco
2020-21;2021-02-19T20:00:00Z;Wolves;Leeds;1;0;H;0;0;D;D Coote;1;0;0;0;46.2;false;amarillo, negro
2020-21;2021-02-20T12:30:00Z;Southampton;Chelsea;1;1;D;1;0;H;A Taylor;1;1;0;0;74.5;false;rojo, negro, blanco
2020-21;2021-02-20T15:00:00Z;Burnley;West Brom;0;0;D;0;0;D;M Dean;3;0;0;1;76.2;true;rojo, celeste
2020-21;2021-02-20T17:30:00Z;Liverpool;Everton;0;2;A;0;1;A;C Kavanagh;2;1;0;0;63.8;false;rojo, rojo
2020-21;2021-02-20T20:00:00Z;Fulham;Sheffield United;1;0;H;0;0;D;M Atkinson;1;2;0;0;65.7;true;blanco, negro
2020-21;2021-02-21T12:00:00Z;West Ham;Tottenham;2;1;H;1;0;H;C Pawson;4;3;0;0;61.4;true;rojo, celeste
2020-21;2021-02-21T14:05:00Z;Aston Villa;Leicester;1;2;A;0;2;A;M Oliver;2;1;0;0;62.5;false;rojo, celeste, blanco
2020-21;2021-02-21T16:30:00Z;Arsenal;Man City;0;1;A;0;1;A;J Moss;2;2;0;0;61.5;false;rojo, blanco
2020-21;2021-02-21T19:00:00Z;Man United;Newcastle;3;1;H;1;1;D;P Tierney;1;2;0;0;27.1;false;rojo, blanco
2020-21;2021-02-22T20:00:00Z;Brighton;Crystal Palace;1;2;A;0;1;A;K Friend;2;0;0;0;41.7;false;azul, blanco
2020-21;2021-02-23T18:00:00Z;Leeds;Southampton;3;0;H;0;0;D;A Marriner;1;2;0;0;27.6;true;blanco, amarillo
2020-21;2021-02-27T12:30:00Z;Man City;West Ham;2;1;H;1;1;D;M Oliver;1;1;0;0;39.3;true;celeste, blanco
2020-21;2021-02-27T15:00:00Z;West Brom;Brighton;1;0;H;1;0;H;L Mason;0;0;0;0;22.1;true;blanco, azul
2020-21;2021-02-27T17:30:00Z;Leeds;Aston Villa;0;1;A;0;1;A;P Bankes;3;2;0;0;51.1;true;blanco, amarillo
2020-21;2021-02-27T20:00:00Z;Newcastle;Wolves;1;1;D;0;0;D;M Dean;2;0;0;0;23.0;true;negro, blanco
2020-21;2021-02-28T12:00:00Z;Crystal Palace;Fulham;0;0;D;0;0;D;A Taylor;1;1;0;0;59.8;false;azul, rojo
2020-21;2021-02-28T12:00:00Z;Leicester;Arsenal;1;3;A;1;2;A;P Tierney;2;1;0;0;68.9;false;azul, blanco
2020-21;2021-02-28T14:00:00Z;Tottenham;Burnley;4;0;H;3;0;H;K Friend;0;0;0;0;48.6;false;blanco, azul
2020-21;2021-02-28T16:30:00Z;Chelsea;Man United;0;0;D;0;0;D;S Attwell;1;2;0;0;33.4;true;azul, blanco
2020-21;2021-02-28T19:15:00Z;Sheffield United;Liverpool;0;2;A;0;0;D;J Moss;0;0;0;0;56.6;false;rojo, blanco, negro
2020-21;2021-03-01T20:00:00Z;Everton;Southampton;1;0;H;1;0;H;M Atkinson;0;2;0;0;66.7;true;azul, blanco
2020-21;2021-03-02T20:00:00Z;Man City;Wolves;4;1;H;1;0;H;C Kavanagh;0;1;0;0;71.2;true;celeste, blanco
2020-21;2021-03-03T18:00:00Z;Burnley;Leicester;1;1;D;1;1;D;A Madley;0;2;0;0;21.4;false;rojo, celeste
2020-21;2021-03-03T18:00:00Z;Sheffield United;Aston Villa;1;0;H;1;0;H;R Jones;1;0;1;0;44.2;false;rojo, blanco, negro
2020-21;2021-03-03T20:15:00Z;Crystal Palace;Man United;0;0;D;0;0;D;A Marriner;1;0;0;0;45.4;false;azul, rojo
2020-21;2021-03-04T18:00:00Z;Fulham;Tottenham;0;1;A;0;1;A;D Coote;2;1;0;0;29.9;false;blanco, negro
2020-21;2021-03-04T18:00:00Z;West Brom;Everton;0;1;A;0;0;D;D England;3;1;0;0;25.3;true;blanco, azul
2020-21;2021-03-04T20:15:00Z;Liverpool;Chelsea;0;1;A;0;1;A;M Atkinson;0;0;0;0;60.9;false;rojo, rojo
2020-21;2021-03-06T12:30:00Z;Burnley;Arsenal;1;1;D;1;1;D;A Marriner;1;1;0;0;69.5;false;rojo, celeste
2020-21;2021-03-06T15:00:00Z;Sheffield United;Southampton;0;2;A;0;1;A;P Tierney;4;3;0;0;37.4;false;rojo, blanco, negro
2020-21;2021-03-06T17:30:00Z;Aston Villa;Wolves;0;0;D;0;0;D;A Madley;1;0;0;0;39.3;false;rojo, celeste, blanco
2020-21;2021-03-06T20:00:00Z;Brighton;Leicester;1;2;A;1;0;H;M Oliver;0;1;0;0;57.6;true;azul, blanco
2020-21;2021-03-07T12:00:00Z;West Brom;Newcastle;0;0;D;0;0;D;M Atkinson;0;0;0;0;72.0;true;blanco, azul
2020-21;2021-03-07T14:00:00Z;Liverpool;Fulham;0;1;A;0;1;A;K Friend;2;3;0;0;79.5;true;rojo, rojo
2020-21;2021-03-07T16:30:00Z;Man City;Man United;0;2;A;0;1;A;A Taylor;0;3;0;0;43.1;true;celeste, blanco
2020-21;2021-03-07T19:15:00Z;Tottenham;Crystal Palace;4;1;H;1;1;D;S Attwell;2;3;0;0;64.9;false;blanco, azul
2020-21;2021-03-08T18:00:00Z;Chelsea;Everton;2;0;H;1;0;H;D Coote;0;3;0;0;47.2;true;azul, blanco
2020-21;2021-03-08T20:00:00Z;West Ham;Leeds;2;0;H;2;0;H;M Dean;1;1;0;0;65.3;false;rojo, celeste
2020-21;2021-03-10T18:00:00Z;Man City;Southampton;5;2;H;3;1;H;J Moss;1;0;0;0;50.4;false;celeste, blanco
2020-21;2021-03-12T20:00:00Z;Newcastle;Aston Villa;1;1;D;0;0;D;P Tierney;2;3;0;0;68.8;true;negro, blanco
2020-21;2021-03-13T12:30:00Z;Leeds;Chelsea;0;0;D;0;0;D;K Friend;3;0;0;0;44.8;true;blanco, amarillo
2020-21;2021-03-13T15:00:00Z;Crystal Palace;West Brom;1;0;H;1;0;H;S Hooper;3;1;0;0;30.2;true;azul, rojo
2020-21;2021-03-13T17:30:00Z;Everton;Burnley;1;2;A;1;2;A;J Moss;0;4;0;0;51.3;false;azul, blanco
2020-21;2021-03-13T20:00:00Z;Fulham;Man City;0;3;A;0;0;D;A Marriner;0;0;0;0;54.7;true;blanco, negro
2020-21;2021-03-14T12:00:00Z;Southampton;Brighton;1;2;A;1;1;D;S Attwell;0;0;0;0;34.5;true;rojo, negro, blanco
2020-21;2021-03-14T14:00:00Z;Leicester;Sheffield United;5;0;H;1;0;H;P Bankes;0;2;0;0;46.5;true;azul, blanco
2020-21;2021-03-14T16:30:00Z;Arsenal;Tottenham;2;1;H;1;1;D;M Oliver;1;2;0;1;71.6;false;rojo, blanco
2020-21;2021-03-14T19:15:00Z;Man United;West Ham;1;0;H;0;0;D;M Atkinson;4;0;0;0;74.0;false;rojo, blanco
2020-21;2021-03-15T20:00:00Z;Wolves;Liverpool;0;1;A;0;1;A;C Pawson;2;1;0;0;47.6;false;amarillo, negro
2020-21;2021-03-19T20:00:00Z;Fulham;Leeds;1;2;A;1;1;D;D Coote;2;2;0;0;71.3;true;blanco, negro
2020-21;2021-03-20T20:00:00Z;Brighton;Newcastle;3;0;H;1;0;H;A Taylor;0;1;0;0;23.7;false;azul, blanco
2020-21;2021-03-21T15:00:00Z;West Ham;Arsenal;3;3;D;3;1;H;J Moss;3;1;0;0;29.6;true;rojo, celeste
2020-21;2021-03-21T19:30:00Z;Aston Villa;Tottenham;0;2;A;0;1;A;M Dean;3;2;0;0;47.9;false;rojo, celeste, blanco
2020-21;2021-04-03T12:30:00Z;Chelsea;West Brom;2;5;A;1;2;A;D Coote;1;1;1;0;38.9;false;azul, blanco
2020-21;2021-04-03T15:00:00Z;Leeds;Sheffield United;2;1;H;1;1;D;G Scott;1;2;0;0;29.6;true;blanco, amarillo
2020-21;2021-04-03T17:30:00Z;Leicester;Man City;0;2;A;0;0;D;A Taylor;2;3;0;0;42.9;true;azul, blanco
2020-21;2021-04-03T20:00:00Z;Arsenal;Liverpool;0;3;A;0;0;D;S Attwell;1;1;0;0;44.1;true;rojo, blanco
2020-21;2021-04-04T12:00:00Z;Southampton;Burnley;3;2;H;2;2;D;A Marriner;0;0;0;0;48.8;false;rojo, negro, blanco
2020-21;2021-04-04T14:05:00Z;Newcastle;Tottenham;2;2;D;1;2;A;C Pawson;3;2;0;0;41.1;true;negro, blanco
2020-21;2021-04-04T16:30:00Z;Aston Villa;Fulham;3;1;H;0;0;D;A Madley;1;2;0;0;56.1;false;rojo, celeste, blanco
2020-21;2021-04-04T19:30:00Z;Man United;Brighton;2;1;H;0;1;A;M Dean;2;2;0;0;76.7;false;rojo, blanco
2020-21;2021-04-05T18:00:00Z;Everton;Crystal Palace;1;1;D;0;0;D;K Friend;2;0;0;0;40.2;false;azul, blanco
2020-21;2021-04-05T20:15:00Z;Wolves;West Ham;2;3;A;1;3;A;M Oliver;1;4;0;0;49.2;true;amarillo, negro
2020-21;2021-04-09T20:00:00Z;Fulham;Wolves;0;1;A;0;0;D;J Moss;0;0;0;0;71.9;false;blanco, negro
2020-21;2021-04-10T12:30:00Z;Man City;Leeds;1;2;A;0;1;A;A Marriner;3;1;0;1;76.4;true;celeste, blanco
2020-21;2021-04-10T15:00:00Z;Liverpool;Aston Villa;2;1;H;0;1;A;P Tierney;2;4;0;0;44.6;true;rojo, rojo
2020-21;2021-04-10T17:30:00Z;Crystal Palace;Chelsea;1;4;A;0;3;A;M Oliver;1;0;0;0;70.8;false;azul, rojo
2020-21;2021-04-11T12:00:00Z;Burnley;Newcastle;1;2;A;1;0;H;A Taylor;1;0;0;0;73.2;false;rojo, celeste
2020-21;2021-04-11T14:05:00Z;West Ham;Leicester;3;2;H;2;0;H;M Dean;3;3;0;0;62.0;true;rojo, celeste
2020-21;2021-04-11T16:30:00Z;Tottenham;Man United;1;3;A;1;0;H;C Kavanagh;1;5;0;0;60.2;true;blanco, azul
2020-21;2021-04-11T19:00:00Z;Sheffield United;Arsenal;0;3;A;0;1;A;P Bankes;1;1;0;0;49.6;true;rojo, blanco, negro
2020-21;2021-04-12T18:00:00Z;West Brom;Southampton;3;0;H;2;0;H;S Hooper;0;1;0;0;74.6;false;blanco, azul
2020-21;2021-04-12T20:15:00Z;Brighton;Everton;0;0;D;0;0;D;D England;1;2;0;0;57.6;true;azul, blanco
2020-21;2021-04-16T20:00:00Z;Everton;Tottenham;2;2;D;1;1;D;M Oliver;1;1;0;0;73.6;true;azul, blanco
2020-21;2021-04-17T12:30:00Z;Newcastle;West Ham;3;2;H;2;0;H;K Friend;2;0;0;1;27.1;true;negro, blanco
2020-21;2021-04-17T20:15:00Z;Wolves;Sheffield United;1;0;H;0;0;D;R Jones;1;2;0;0;61.2;true;amarillo, negro
2020-21;2021-04-18T13:30:00Z;Arsenal;Fulham;1;1;D;0;0;D;C Pawson;0;3;0;0;61.7;true;rojo, blanco
2020-21;2021-04-18T16:00:00Z;Man United;Burnley;3;1;H;0;0;D;J Moss;1;2;0;0;20.1;true;rojo, blanco
2020-21;2021-04-19T20:00:00Z;Leeds;Liverpool;1;1;D;0;1;A;A Taylor;2;1;0;0;36.3;false;blanco, amarillo
2020-21;2021-04-20T20:00:00Z;Chelsea;Brighton;0;0;D;0;0;D;S Attwell;2;0;0;1;36.3;false;azul, blanco
2020-21;2021-04-21T18:00:00Z;Tottenham;Southampton;2;1;H;0;1;A;D Coote;2;1;0;0;43.9;true;blanco, azul
2020-21;2021-04-21T20:15:00Z;Aston Villa;Man City;1;2;A;1;2;A;P Bankes;0;1;1;1;59.4;false;rojo, celeste, blanco
2020-21;2021-04-22T20:00:00Z;Leicester;West Brom;3;0;H;3;0;H;A Madley;0;2;0;0;30.2;true;azul, blanco
2020-21;2021-04-23T20:00:00Z;Arsenal;Everton;0;1;A;0;0;D;J Moss;1;3;0;0;35.9;false;rojo, blanco
2020-21;2021-04-24T12:30:00Z;Liverpool;Newcastle;1;1;D;1;0;H;A Marriner;2;1;0;0;40.0;false;rojo, rojo
2020-21;2021-04-24T17:30:00Z;West Ham;Chelsea;0;1;A;0;1;A;C Kavanagh;0;4;1;0;47.0;true;rojo, celeste
2020-21;2021-04-24T20:00:00Z;Sheffield United;Brighton;1;0;H;1;0;H;K Friend;3;0;0;0;71.7;true;rojo, blanco, negro
2020-21;2021-04-25T12:00:00Z;Wolves;Burnley;0;4;A;0;3;A;D England;1;2;0;0;24.3;false;amarillo, negro
2020-21;2021-04-25T14:00:00Z;Leeds;Man United;0;0;D;0;0;D;C Pawson;4;1;0;0;48.0;false;blanco, amarillo
2020-21;2021-04-25T19:00:00Z;Aston Villa;West Brom;2;2;D;1;1;D;S Attwell;0;2;0;0;68.6;true;rojo, celeste, blanco
2020-21;2021-04-26T20:00:00Z;Leicester;Crystal Palace;2;1;H;0;1;A;G Scott;0;1;0;0;43.5;false;azul, blanco
2020-21;2021-04-30T20:00:00Z;Southampton;Leicester;1;1;D;0;0;D;R Jones;1;0;1;0;59.1;false;rojo, negro, blanco
2020-21;2021-05-01T12:30:00Z;Crystal Palace;Man City;0;2;A;0;0;D;D Coote;2;0;0;0;27.8;true;azul, rojo
2020-21;2021-05-01T15:00:00Z;Brighton;Leeds;2;0;H;1;0;H;C Kavanagh;1;1;0;0;33.7;true;azul, blanco
2020-21;2021-05-01T17:30:00Z;Chelsea;Fulham;2;0;H;1;0;H;K Friend;1;1;0;0;37.2;true;azul, blanco
2020-21;2021-05-01T20:00:00Z;Everton;Aston Villa;1;2;A;1;1;D;S Hooper;0;2;0;0;56.3;true;azul, blanco
2020-21;2021-05-02T14:00:00Z;Newcastle;Arsenal;0;2;A;0;1;A;M Dean;2;1;1;0;58.4;false;negro, blanco
2020-21;2021-05-02T19:15:00Z;Tottenham;Sheffield United;4;0;H;1;0;H;A Marriner;1;1;0;0;51.3;false;blanco, azul
2020-21;2021-05-03T18:00:00Z;West Brom;Wolves;1;1;D;0;1;A;P Tierney;2;0;0;0;52.9;true;blanco, azul
2020-21;2021-05-03T20:15:00Z;Burnley;West Ham;1;2;A;1;2;A;A Taylor;2;1;0;0;54.1;true;rojo, celeste
2020-21;2021-05-07T20:00:00Z;Leicester;Newcastle;2;4;A;0;2;A;D England;1;1;0;0;30.2;false;azul, blanco
2020-21;2021-05-08T12:30:00Z;Leeds;Tottenham;3;1;H;2;1;H;M Oliver;1;2;0;0;37.9;true;blanco, amarillo
2020-21;2021-05-08T15:00:00Z;Sheffield United;Crystal Palace;0;2;A;0;1;A;S Hooper;1;1;0;0;68.9;true;rojo, blanco, negro
2020-21;2021-05-08T17:30:00Z;Man City;Chelsea;1;2;A;1;0;H;A Taylor;2;0;0;0;21.6;true;celeste, blanco
2020-21;2021-05-08T20:15:00Z;Liverpool;Southampton;2;0;H;1;0;H;K Friend;0;1;0;0;30.6;true;rojo, rojo
2020-21;2021-05-09T12:00:00Z;Wolves;Brighton;2;1;H;0;1;A;J Moss;2;2;0;2;65.4;true;amarillo, negro
2020-21;2021-05-09T14:05:00Z;Aston Villa;Man United;1;3;A;1;0;H;C Kavanagh;1;1;1;0;72.4;false;rojo, celeste, blanco
2020-21;2021-05-09T16:30:00Z;West Ham;Everton;0;1;A;0;1;A;S Attwell;2;1;0;0;46.8;false;rojo, celeste
2020-21;2021-05-09T19:00:00Z;Arsenal;West Brom;3;1;H;2;0;H;P Bankes;1;2;0;0;60.8;true;rojo, blanco
2020-21;2021-05-10T20:00:00Z;Fulham;Burnley;0;2;A;0;2;A;D Coote;2;0;0;0;75.1;true;blanco, negro
2020-21;2021-05-11T18:00:00Z;Man United;Leicester;1;2;A;1;1;D;C Pawson;0;0;0;0;27.5;false;rojo, blanco
2020-21;2021-05-11T20:15:00Z;Southampton;Crystal Palace;3;1;H;1;1;D;A Madley;2;3;0;0;31.0;false;rojo, negro, blanco
2020-21;2021-05-12T20:15:00Z;Chelsea;Arsenal;0;1;A;0;1;A;A Marriner;0;1;0;0;50.1;false;azul, blanco
2020-21;2021-05-13T18:00:00Z;Aston Villa;Everton;0;0;D;0;0;D;M Atkinson;2;0;0;0;35.5;false;rojo, celeste, blanco
2020-21;2021-05-13T20:15:00Z;Man United;Liverpool;2;4;A;1;2;A;A Taylor;3;0;0;0;60.3;true;rojo, blanco
2020-21;2021-05-14T20:00:00Z;Newcastle;Man City;3;4;A;2;2;D;K Friend;2;2;0;0;26.7;false;negro, blanco
2020-21;2021-05-15T12:30:00Z;Burnley;Leeds;0;4;A;0;1;A;G Scott;1;1;0;0;52.7;false;rojo, celeste
2020-21;2021-05-15T15:00:00Z;Southampton;Fulham;3;1;H;1;0;H;C Pawson;0;1;0;0;60.4;false;rojo, negro, blanco
2020-21;2021-05-15T20:00:00Z;Brighton;West Ham;1;1;D;0;0;D;A Marriner;1;1;0;0;78.9;false;azul, blanco
2020-21;2021-05-16T12:00:00Z;Crystal Palace;Aston Villa;3;2;H;1;2;A;D Coote;3;2;0;0;38.5;true;azul, rojo
2020-21;2021-05-16T14:05:00Z;Tottenham;Wolves;2;0;H;1;0;H;M Atkinson;1;0;0;0;40.1;false;blanco, azul
2020-21;2021-05-16T16:30:00Z;West Brom;Liverpool;1;2;A;1;1;D;M Dean;0;0;0;0;26.6;true;blanco, azul
2020-21;2021-05-16T19:00:00Z;Everton;Sheffield United;0;1;A;0;1;A;A Moss;1;3;0;0;24.0;false;azul, blanco
2020-21;2021-05-18T18:00:00Z;Man United;Fulham;1;1;D;1;0;H;L Mason;2;3;0;0;48.5;false;rojo, blanco
2020-21;2021-05-18T18:00:00Z;Southampton;Leeds;0;2;A;0;0;D;P Bankes;0;3;0;0;45.4;true;rojo, negro, blanco
2020-21;2021-05-18T19:00:00Z;Brighton;Man City;3;2;H;0;1;A;S Attwell;3;3;0;1;78.7;true;azul, blanco
2020-21;2021-05-18T20:15:00Z;Chelsea;Leicester;2;1;H;0;0;D;M Dean;2;4;0;0;32.4;true;azul, blanco
2020-21;2021-05-19T18:00:00Z;Everton;Wolves;1;0;H;0;0;D;A Madley;0;2;0;0;54.2;false;azul, blanco
2020-21;2021-05-19T18:00:00Z;Newcastle;Sheffield United;1;0;H;1;0;H;R Jones;0;2;0;0;53.0;true;negro, blanco
2020-21;2021-05-19T18:00:00Z;Tottenham;Aston Villa;1;2;A;1;2;A;C Pawson;1;1;0;0;59.8;false;blanco, azul
2020-21;2021-05-19T19:00:00Z;Crystal Palace;Arsenal;1;3;A;0;1;A;A Taylor;2;1;0;0;43.5;false;azul, rojo
2020-21;2021-05-19T20:15:00Z;Burnley;Liverpool;0;3;A;0;1;A;C Kavanagh;0;0;0;0;77.4;true;rojo, celeste
2020-21;2021-05-19T20:15:00Z;West Brom;West Ham;1;3;A;1;1;D;M Oliver;2;2;0;0;73.3;false;blanco, azul
2020-21;2021-05-23T16:00:00Z;Arsenal;Brighton;2;0;H;0;0;D;J Moss;0;0;0;0;49.5;false;rojo, blanco
2020-21;2021-05-23T16:00:00Z;Aston Villa;Chelsea;2;1;H;1;0;H;S Attwell;3;3;0;1;77.7;true;rojo, celeste, blanco
2020-21;2021-05-23T16:00:00Z;Fulham;Newcastle;0;2;A;0;1;A;C Kavanagh;1;0;0;0;55.4;true;blanco, negro
2020-21;2021-05-23T16:00:00Z;Leeds;West Brom;3;1;H;2;0;H;D Coote;2;1;0;0;36.3;true;blanco, amarillo
2020-21;2021-05-23T16:00:00Z;Leicester;Tottenham;2;4;A;1;1;D;A Taylor;0;2;0;0;72.8;true;azul, blanco
2020-21;2021-05-23T16:00:00Z;Liverpool;Crystal Palace;2;0;H;1;0;H;C Pawson;2;2;0;0;71.0;true;rojo, rojo
2020-21;2021-05-23T16:00:00Z;Man City;Everton;5;0;H;2;0;H;M Oliver;2;2;0;0;46.4;false;celeste, blanco
2020-21;2021-05-23T16:00:00Z;Sheffield United;Burnley;1;0;H;1;0;H;K Friend;3;1;0;0;74.0;false;rojo, blanco, negro
2020-21;2021-05-23T16:00:00Z;West Ham;Southampton;3;0;H;2;0;H;M Atkinson;0;3;0;0;66.5;true;rojo, celeste
2020-21;2021-05-23T16:00:00Z;Wolves;Man United;1;2;A;1;2;A;M Dean;4;1;0;0;31.7;true;amarillo, negro
2021-22;2021-08-13T20:00:00Z;Brentford;Arsenal;2;0;H;1;0;H;M Oliver;0;0;0;0;21.9;true;rojo, blanco, negro
2021-22;2021-08-14T12:30:00Z;Man United;Leeds;5;1;H;1;0;H;P Tierney;1;2;0;0;63.9;true;rojo, blanco
2021-22;2021-08-14T15:00:00Z;Burnley;Brighton;1;2;A;1;0;H;D Coote;2;1;0;0;46.9;true;rojo, celeste
2021-22;2021-08-14T15:00:00Z;Chelsea;Crystal Palace;3;0;H;2;0;H;J Moss;0;0;0;0;34.0;true;azul, blanco
2021-22;2021-08-14T15:00:00Z;Everton;Southampton;3;1;H;0;1;A;A Madley;2;0;0;0;36.8;true;azul, blanco
2021-22;2021-08-14T15:00:00Z;Leicester;Wolves;1;0;H;1;0;H;C Pawson;1;2;0;0;37.6;true;azul, blanco
2021-22;2021-08-14T15:00:00Z;Watford;Aston Villa;3;2;H;2;0;H;M Dean;3;1;0;0;73.6;false;amarillo, negro
2021-22;2021-08-14T17:30:00Z;Norwich;Liverpool;0;3;A;0;1;A;A Marriner;1;1;0;0;56.3;false;verde, amarillo
2021-22;2021-08-15T14:00:00Z;Newcastle;West Ham;2;4;A;2;1;H;M Atkinson;1;0;0;0;66.0;false;negro, blanco
2021-22;2021-08-15T16:30:00Z;Tottenham;Man City;1;0;H;0;0;D;A Taylor;2;1;0;0;54.2;true;blanco, azul
2021-22;2021-08-21T12:30:00Z;Liverpool;Burnley;2;0;H;1;0;H;M Dean;0;0;0;0;53.6;false;rojo, rojo
2021-22;2021-08-21T15:00:00Z;Aston Villa;Newcastle;2;0;H;1;0;H;D Coote;3;4;0;0;51.8;true;rojo, celeste, blanco
2021-22;2021-08-21T15:00:00Z;Crystal Palace;Brentford;0;0;D;0;0;D;M Atkinson;3;1;0;0;42.2;false;azul, rojo
2021-22;2021-08-21T15:00:00Z;Leeds;Everton;2;2;D;1;1;D;D England;2;4;0;0;24.7;false;blanco, amarillo
2021-22;2021-08-21T15:00:00Z;Man City;Norwich;5;0;H;2;0;H;G Scott;1;0;0;0;62.5;true;celeste, blanco
2021-22;2021-08-21T17:30:00Z;Brighton;Watford;2;0;H;2;0;H;A Taylor;4;0;0;0;66.1;true;azul, blanco
2021-22;2021-08-22T14:00:00Z;Southampton;Man United;1;1;D;1;0;H;C Pawson;2;3;0;0;32.5;false;rojo, negro, blanco
2021-22;2021-08-22T14:00:00Z;Wolves;Tottenham;0;1;A;0;1;A;S Attwell;1;4;0;0;54.9;false;amarillo, negro
2021-22;2021-08-22T16:30:00Z;Arsenal;Chelsea;0;2;A;0;2;A;P Tierney;3;0;0;0;53.8;true;rojo, blanco
2021-22;2021-08-23T20:00:00Z;West Ham;Leicester;4;1;H;1;0;H;M Oliver;0;1;0;1;27.9;false;rojo, celeste
2021-22;2021-08-28T12:30:00Z;Man City;Arsenal;5;0;H;3;0;H;M Atkinson;1;2;0;1;29.0;false;celeste, blanco
2021-22;2021-08-28T15:00:00Z;Aston Villa;Brentford;1;1;D;1;1;D;P Bankes;3;3;0;0;34.1;true;rojo, celeste, blanco
2021-22;2021-08-28T15:00:00Z;Brighton;Everton;0;2;A;0;1;A;J Moss;1;2;0;0;54.2;true;azul, blanco
2021-22;2021-08-28T15:00:00Z;Newcastle;Southampton;2;2;D;0;0;D;P Tierney;3;3;0;0;75.7;true;negro, blanco
2021-22;2021-08-28T15:00:00Z;Norwich;Leicester;1;2;A;1;1;D;R Jones;2;1;0;0;60.5;true;verde, amarillo
2021-22;2021-08-28T15:00:00Z;West Ham;Crystal Palace;2;2;D;1;0;H;S Attwell;1;0;0;0;28.3;true;rojo, celeste
2021-22;2021-08-28T17:30:00Z;Liverpool;Chelsea;1;1;D;1;1;D;A Taylor;0;2;0;1;76.3;false;rojo, rojo
2021-22;2021-08-29T14:00:00Z;Burnley;Leeds;1;1;D;0;0;D;M Oliver;4;3;0;0;54.1;true;rojo, celeste
2021-22;2021-08-29T14:00:00Z;Tottenham;Watford;1;0;H;1;0;H;A Marriner;3;3;0;0;24.5;false;blanco, azul
2021-22;2021-08-29T16:30:00Z;Wolves;Man United;0;1;A;0;0;D;M Dean;3;4;0;0;22.9;true;amarillo, negro
2021-22;2021-09-11T12:30:00Z;Crystal Palace;Tottenham;3;0;H;0;0;D;J Moss;2;1;0;1;65.6;true;azul, rojo
2021-22;2021-09-11T15:00:00Z;Arsenal;Norwich;1;0;H;0;0;D;M Oliver;1;2;0;0;44.4;false;rojo, blanco
2021-22;2021-09-11T15:00:00Z;Brentford;Brighton;0;1;A;0;0;D;G Scott;3;2;0;0;24.0;false;rojo, blanco, negro
2021-22;2021-09-11T15:00:00Z;Leicester;Man City;0;1;A;0;0;D;P Tierney;1;2;0;0;54.2;true;azul, blanco
2021-22;2021-09-11T15:00:00Z;Man United;Newcastle;4;1;H;1;0;H;A Taylor;1;0;0;0;69.9;true;rojo, blanco
2021-22;2021-09-11T15:00:00Z;Southampton;West Ham;0;0;D;0;0;D;D Coote;3;1;0;1;57.9;true;rojo, negro, blanco
2021-22;2021-09-11T15:00:00Z;Watford;Wolves;0;2;A;0;0;D;P Bankes;3;3;0;0;48.9;false;amarillo, negro
2021-22;2021-09-11T17:30:00Z;Chelsea;Aston Villa;3;0;H;1;0;H;S Attwell;1;4;0;0;55.6;true;azul, blanco
2021-22;2021-09-12T16:30:00Z;Leeds;Liverpool;0;3;A;0;1;A;C Pawson;2;1;1;0;77.4;true;blanco, amarillo
2021-22;2021-09-13T20:00:00Z;Everton;Burnley;3;1;H;0;0;D;M Atkinson;1;1;0;0;62.8;false;azul, blanco
2021-22;2021-09-17T20:00:00Z;Newcastle;Leeds;1;1;D;1;1;D;M Dean;2;2;0;0;79.0;false;negro, blanco
2021-22;2021-09-18T12:30:00Z;Wolves;Brentford;0;2;A;0;2;A;D England;4;2;0;1;40.8;true;amarillo, negro
2021-22;2021-09-18T15:00:00Z;Burnley;Arsenal;0;1;A;0;1;A;A Taylor;2;1;0;0;35.2;true;rojo, celeste
2021-22;2021-09-18T15:00:00Z;Liverpool;Crystal Palace;3;0;H;1;0;H;A Madley;3;1;0;0;43.8;true;rojo, rojo
2021-22;2021-09-18T15:00:00Z;Man City;Southampton;0;0;D;0;0;D;J Moss;0;2;0;0;48.8;true;celeste, blanco
2021-22;2021-09-18T15:00:00Z;Norwich;Watford;1;3;A;1;1;D;R Jones;1;1;0;0;65.3;true;verde, amarillo
2021-22;2021-09-18T17:30:00Z;Aston Villa;Everton;3;0;H;0;0;D;C Pawson;1;1;0;0;45.4;true;rojo, celeste, blanco
2021-22;2021-09-19T14:00:00Z;Brighton;Leicester;2;1;H;1;0;H;S Attwell;2;1;0;0;78.4;true;azul, blanco
2021-22;2021-09-19T14:00:00Z;West Ham;Man United;1;2;A;1;1;D;M Atkinson;0;0;0;0;43.9;false;rojo, celeste
2021-22;2021-09-19T16:30:00Z;Tottenham;Chelsea;0;3;A;0;0;D;P Tierney;0;1;0;0;35.7;false;blanco, azul
2021-22;2021-09-25T12:30:00Z;Chelsea;Man City;0;1;A;0;0;D;M Oliver;3;2;0;0;36.4;false;azul, blanco
2021-22;2021-09-25T12:30:00Z;Man United;Aston Villa;0;1;A;0;0;D;M Dean;2;2;0;0;45.9;false;rojo, blanco
2021-22;2021-09-25T15:00:00Z;Everton;Norwich;2;0;H;1;0;H;D Coote;2;3;0;0;61.2;true;azul, blanco
2021-22;2021-09-25T15:00:00Z;Leeds;West Ham;1;2;A;1;0;H;K Friend;3;2;0;0;56.3;true;blanco, amarillo
2021-22;2021-09-25T15:00:00Z;Leicester;Burnley;2;2;D;1;2;A;C Kavanagh;2;4;0;0;66.3;true;azul, blanco
2021-22;2021-09-25T15:00:00Z;Watford;Newcastle;1;1;D;0;1;A;J Gillett;4;3;0;0;23.2;true;amarillo, negro
2021-22;2021-09-25T17:30:00Z;Brentford;Liverpool;3;3;D;1;1;D;S Attwell;1;1;0;0;54.8;true;rojo, blanco, negro
2021-22;2021-09-26T14:00:00Z;Southampton;Wolves;0;1;A;0;0;D;A Madley;0;0;0;0;55.3;true;rojo, negro, blanco
2021-22;2021-09-26T16:30:00Z;Arsenal;Tottenham;3;1;H;3;0;H;C Pawson;2;1;0;0;34.4;false;rojo, blanco
2021-22;2021-09-27T20:00:00Z;Crystal Palace;Brighton;1;1;D;1;0;H;A Marriner;2;3;0;0;73.4;true;azul, rojo
2021-22;2021-10-02T12:30:00Z;Man United;Everton;1;1;D;1;0;H;M Oliver;1;1;0;0;43.8;false;rojo, blanco
2021-22;2021-10-02T15:00:00Z;Burnley;Norwich;0;0;D;0;0;D;K Friend;5;2;0;0;73.6;true;rojo, celeste
2021-22;2021-10-02T15:00:00Z;Chelsea;Southampton;3;1;H;1;0;H;M Atkinson;1;3;0;1;54.1;true;azul, blanco
2021-22;2021-10-02T15:00:00Z;Leeds;Watford;1;0;H;1;0;H;S Hooper;0;3;0;0;20.7;false;blanco, amarillo
2021-22;2021-10-02T15:00:00Z;Wolves;Newcastle;2;1;H;1;1;D;G Scott;0;2;0;0;27.7;false;amarillo, negro
2021-22;2021-10-02T17:30:00Z;Brighton;Arsenal;0;0;D;0;0;D;J Moss;2;1;0;0;43.2;true;azul, blanco
2021-22;2021-10-03T14:00:00Z;Crystal Palace;Leicester;2;2;D;0;2;A;A Taylor;2;3;0;0;22.9;false;azul, rojo
2021-22;2021-10-03T14:00:00Z;Tottenham;Aston Villa;2;1;H;1;0;H;C Kavanagh;2;1;0;0;40.6;false;blanco, azul
2021-22;2021-10-03T14:00:00Z;West Ham;Brentford;1;2;A;0;1;A;P Bankes;2;3;0;0;50.4;false;rojo, celeste
2021-22;2021-10-03T16:30:00Z;Liverpool;Man City;2;2;D;0;0;D;P Tierney;3;3;0;0;59.1;true;rojo, rojo
2021-22;2021-10-16T12:30:00Z;Watford;Liverpool;0;5;A;0;2;A;J Moss;0;0;0;0;20.3;false;amarillo, negro
2021-22;2021-10-16T15:00:00Z;Aston Villa;Wolves;2;3;A;0;0;D;M Oliver;2;3;0;0;24.8;true;rojo, celeste, blanco
2021-22;2021-10-16T15:00:00Z;Leicester;Man United;4;2;H;1;1;D;C Pawson;0;3;0;0;38.7;false;azul, blanco
2021-22;2021-10-16T15:00:00Z;Man City;Burnley;2;0;H;1;0;H;M Atkinson;1;0;0;0;38.5;false;celeste, blanco
2021-22;2021-10-16T15:00:00Z;Norwich;Brighton;0;0;D;0;0;D;P Bankes;3;5;0;0;21.8;false;verde, amarillo
2021-22;2021-10-16T15:00:00Z;Southampton;Leeds;1;0;H;0;0;D;D Coote;2;3;0;0;28.3;false;rojo, negro, blanco
2021-22;2021-10-16T17:30:00Z;Brentford;Chelsea;0;1;A;0;1;A;A Taylor;1;1;0;0;39.3;true;rojo, blanco, negro
2021-22;2021-10-17T14:00:00Z;Everton;West Ham;0;1;A;0;0;D;S Attwell;0;2;0;0;30.2;true;azul, blanco
2021-22;2021-10-17T16:30:00Z;Newcastle;Tottenham;2;3;A;1;3;A;A Marriner;4;1;1;0;29.4;true;negro, blanco
2021-22;2021-10-18T20:00:00Z;Arsenal;Crystal Palace;2;2;D;1;0;H;M Dean;1;1;0;0;64.8;false;rojo, blanco
2021-22;2021-10-22T20:00:00Z;Arsenal;Aston Villa;3;1;H;2;0;H;C Pawson;2;5;0;0;40.0;false;rojo, blanco
2021-22;2021-10-23T12:30:00Z;Chelsea;Norwich;7;0;H;3;0;H;A Madley;0;2;0;1;64.4;true;azul, blanco
2021-22;2021-10-23T15:00:00Z;Crystal Palace;Newcastle;1;1;D;0;0;D;D England;3;4;0;0;73.4;false;azul, rojo
2021-22;2021-10-23T15:00:00Z;Everton;Watford;2;5;A;1;1;D;G Scott;4;3;0;0;49.6;true;azul, blanco
2021-22;2021-10-23T15:00:00Z;Leeds;Wolves;1;1;D;0;1;A;R Jones;2;3;0;0;48.8;true;blanco, amarillo
2021-22;2021-10-23T15:00:00Z;Southampton;Burnley;2;2;D;1;1;D;C Kavanagh;1;3;0;0;77.8;true;rojo, negro, blanco
2021-22;2021-10-23T17:30:00Z;Brighton;Man City;1;4;A;0;3;A;K Friend;2;3;0;0;55.1;true;azul, blanco
2021-22;2021-10-24T14:00:00Z;Brentford;Leicester;1;2;A;0;1;A;S Hooper;1;1;0;0;22.5;true;rojo, blanco, negro
2021-22;2021-10-24T14:00:00Z;West Ham;Tottenham;1;0;H;0;0;D;P Tierney;2;1;0;0;28.1;false;rojo, celeste
2021-22;2021-10-24T16:30:00Z;Man United;Liverpool;0;5;A;0;4;A;A Taylor;6;0;1;0;38.9;false;rojo, blanco
2021-22;2021-10-30T12:30:00Z;Leicester;Arsenal;0;2;A;0;2;A;M Oliver;2;0;0;0;71.8;false;azul, blanco
2021-22;2021-10-30T15:00:00Z;Burnley;Brentford;3;1;H;3;0;H;J Moss;1;1;0;0;64.0;false;rojo, celeste
2021-22;2021-10-30T15:00:00Z;Liverpool;Brighton;2;2;D;2;1;H;M Dean;2;2;0;0;26.0;false;rojo, rojo
2021-22;2021-10-30T15:00:00Z;Man City;Crystal Palace;0;2;A;0;1;A;A Marriner;2;3;1;0;32.5;true;celeste, blanco
2021-22;2021-10-30T15:00:00Z;Newcastle;Chelsea;0;3;A;0;0;D;P Tierney;3;2;0;0;37.5;false;negro, blanco
2021-22;2021-10-30T15:00:00Z;Watford;Southampton;0;1;A;0;1;A;P Bankes;2;2;0;0;60.6;false;amarillo, negro
2021-22;2021-10-30T17:30:00Z;Tottenham;Man United;0;3;A;0;1;A;S Attwell;2;3;0;0;76.7;false;blanco, azul
2021-22;2021-10-31T14:00:00Z;Norwich;Leeds;1;2;A;0;0;D;A Taylor;1;4;0;0;54.0;true;verde, amarillo
2021-22;2021-10-31T16:30:00Z;Aston Villa;West Ham;1;4;A;1;2;A;C Kavanagh;1;2;1;0;42.3;false;rojo, celeste, blanco
2021-22;2021-11-01T20:00:00Z;Wolves;Everton;2;1;H;2;0;H;M Atkinson;1;1;0;0;28.9;true;amarillo, negro
2021-22;2021-11-05T20:00:00Z;Southampton;Aston Villa;1;0;H;1;0;H;A Madley;2;2;0;0;36.8;false;rojo, negro, blanco
2021-22;2021-11-06T12:30:00Z;Man United;Man City;0;2;A;0;2;A;M Oliver;1;2;0;0;61.1;false;rojo, blanco
2021-22;2021-11-06T15:00:00Z;Brentford;Norwich;1;2;A;0;2;A;J Gillett;2;3;0;0;76.3;true;rojo, blanco, negro
2021-22;2021-11-06T15:00:00Z;Chelsea;Burnley;1;1;D;1;0;H;A Marriner;1;4;0;0;72.9;false;azul, blanco
2021-22;2021-11-06T15:00:00Z;Crystal Palace;Wolves;2;0;H;0;0;D;G Scott;2;1;0;0;73.3;true;azul, rojo
2021-22;2021-11-06T17:30:00Z;Brighton;Newcastle;1;1;D;1;0;H;D Coote;3;4;1;0;29.7;true;azul, blanco
2021-22;2021-11-07T14:00:00Z;Arsenal;Watford;1;0;H;0;0;D;K Friend;4;2;0;1;25.1;false;rojo, blanco
2021-22;2021-11-07T14:00:00Z;Everton;Tottenham;0;0;D;0;0;D;C Kavanagh;2;4;1;0;66.8;true;azul, blanco
2021-22;2021-11-07T14:00:00Z;Leeds;Leicester;1;1;D;1;1;D;D England;1;1;0;0;32.7;false;blanco, amarillo
2021-22;2021-11-07T16:30:00Z;West Ham;Liverpool;3;2;H;1;1;D;C Pawson;1;1;0;0;51.6;true;rojo, celeste
2021-22;2021-11-20T12:30:00Z;Leicester;Chelsea;0;3;A;0;2;A;P Tierney;3;1;0;0;61.5;true;azul, blanco
2021-22;2021-11-20T15:00:00Z;Aston Villa;Brighton;2;0;H;0;0;D;A Taylor;3;3;0;0;24.0;true;rojo, celeste, blanco
2021-22;2021-11-20T15:00:00Z;Burnley;Crystal Palace;3;3;D;2;3;A;S Hooper;2;3;0;0;71.8;false;rojo, celeste
2021-22;2021-11-20T15:00:00Z;Newcastle;Brentford;3;3;D;2;2;D;R Jones;2;2;0;0;66.7;true;negro, blanco
2021-22;2021-11-20T15:00:00Z;Norwich;Southampton;2;1;H;1;1;D;M Atkinson;3;2;0;0;76.9;true;verde, amarillo
2021-22;2021-11-20T15:00:00Z;Watford;Man United;4;1;H;2;0;H;J Moss;2;1;0;1;50.1;false;amarillo, negro
2021-22;2021-11-20T15:00:00Z;Wolves;West Ham;1;0;H;0;0;D;M Dean;1;1;0;0;52.0;true;amarillo, negro
2021-22;2021-11-20T17:30:00Z;Liverpool;Arsenal;4;0;H;1;0;H;M Oliver;2;0;0;0;59.6;false;rojo, rojo
2021-22;2021-11-21T14:00:00Z;Man City;Everton;3;0;H;1;0;H;S Attwell;1;1;0;0;75.5;true;celeste, blanco
2021-22;2021-11-21T16:30:00Z;Tottenham;Leeds;2;1;H;0;1;A;A Marriner;1;4;0;0;79.3;true;blanco, azul
2021-22;2021-11-27T12:30:00Z;Arsenal;Newcastle;2;0;H;0;0;D;S Attwell;1;3;0;0;75.8;false;rojo, blanco
2021-22;2021-11-27T15:00:00Z;Crystal Palace;Aston Villa;1;2;A;0;1;A;M Salisbury;3;3;0;0;36.9;true;azul, rojo
2021-22;2021-11-27T15:00:00Z;Liverpool;Southampton;4;0;H;3;0;H;A Marriner;0;1;0;0;65.7;true;rojo, rojo
2021-22;2021-11-27T15:00:00Z;Norwich;Wolves;0;0;D;0;0;D;S Hooper;2;2;0;0;69.0;false;verde, amarillo
2021-22;2021-11-27T17:30:00Z;Brighton;Leeds;0;0;D;0;0;D;C Pawson;1;3;0;0;42.0;false;azul, blanco
2021-22;2021-11-28T14:00:00Z;Brentford;Everton;1;0;H;1;0;H;D England;4;3;0;0;37.5;true;rojo, blanco, negro
2021-22;2021-11-28T14:00:00Z;Leicester;Watford;4;2;H;3;1;H;A Madley;0;0;0;0;76.0;false;azul, blanco
2021-22;2021-11-28T14:00:00Z;Man City;West Ham;2;1;H;1;0;H;M Oliver;2;0;0;0;75.8;true;celeste, blanco
2021-22;2021-11-28T16:30:00Z;Chelsea;Man United;1;1;D;0;0;D;A Taylor;2;5;0;0;48.8;false;azul, blanco
2021-22;2021-11-30T19:30:00Z;Newcastle;Norwich;1;1;D;0;0;D;A Madley;0;0;0;1;80.0;true;negro, blanco
2021-22;2021-11-30T20:15:00Z;Leeds;Crystal Palace;1;0;H;0;0;D;K Friend;5;3;0;0;28.9;true;blanco, amarillo
2021-22;2021-12-01T19:30:00Z;Southampton;Leicester;2;2;D;2;1;H;R Jones;1;3;0;0;27.5;true;rojo, negro, blanco
2021-22;2021-12-01T19:30:00Z;Watford;Chelsea;1;2;A;1;1;D;D Coote;4;3;0;0;49.7;false;amarillo, negro
2021-22;2021-12-01T19:30:00Z;West Ham;Brighton;1;1;D;1;0;H;C Kavanagh;1;1;0;0;72.8;true;rojo, celeste
2021-22;2021-12-01T19:30:00Z;Wolves;Burnley;0;0;D;0;0;D;J Brooks;2;3;0;0;21.1;false;amarillo, negro
2021-22;2021-12-01T20:15:00Z;Aston Villa;Man City;1;2;A;0;2;A;M Dean;0;0;0;0;27.4;false;rojo, celeste, blanco
2021-22;2021-12-01T20:15:00Z;Everton;Liverpool;1;4;A;1;2;A;P Tierney;4;3;0;0;44.5;false;azul, blanco
2021-22;2021-12-02T19:30:00Z;Tottenham;Brentford;2;0;H;1;0;H;J Moss;0;0;0;0;66.6;true;blanco, azul
2021-22;2021-12-02T20:15:00Z;Man United;Arsenal;3;2;H;1;1;D;M Atkinson;1;0;0;0;60.0;false;rojo, blanco
2021-22;2021-12-04T12:30:00Z;West Ham;Chelsea;3;2;H;1;2;A;A Marriner;1;3;0;0;46.0;true;rojo, celeste
2021-22;2021-12-04T15:00:00Z;Newcastle;Burnley;1;0;H;1;0;H;P Tierney;1;1;0;0;46.7;true;negro, blanco
2021-22;2021-12-04T15:00:00Z;Southampton;Brighton;1;1;D;1;0;H;A Taylor;4;2;0;0;60.1;true;rojo, negro, blanco
2021-22;2021-12-04T15:00:00Z;Wolves;Liverpool;0;1;A;0;0;D;C Kavanagh;2;2;0;0;58.4;false;amarillo, negro
2021-22;2021-12-04T17:30:00Z;Watford;Man City;1;3;A;0;2;A;S Hooper;3;0;0;0;67.5;false;amarillo, negro
2021-22;2021-12-05T14:00:00Z;Leeds;Brentford;2;2;D;1;0;H;D Coote;5;3;0;0;40.3;true;blanco, amarillo
2021-22;2021-12-05T14:00:00Z;Man United;Crystal Palace;1;0;H;0;0;D;C Pawson;2;2;0;0;23.9;false;rojo, blanco
2021-22;2021-12-05T14:00:00Z;Tottenham;Norwich;3;0;H;1;0;H;J Gillett;1;2;0;0;66.3;false;blanco, azul
2021-22;2021-12-05T16:30:00Z;Aston Villa;Leicester;2;1;H;1;1;D;M Oliver;1;1;0;0;34.3;true;rojo, celeste, blanco
2021-22;2021-12-06T20:00:00Z;Everton;Arsenal;2;1;H;0;1;A;M Dean;2;2;0;0;33.2;true;azul, blanco
2021-22;2021-12-10T20:00:00Z;Brentford;Watford;2;1;H;0;1;A;M Oliver;4;0;0;0;74.7;false;rojo, blanco, negro
2021-22;2021-12-11T12:30:00Z;Man City;Wolves;1;0;H;0;0;D;J Moss;3;2;0;1;27.3;false;celeste, blanco
2021-22;2021-12-11T15:00:00Z;Arsenal;Southampton;3;0;H;2;0;H;J Gillett;2;0;0;0;52.6;false;rojo, blanco
2021-22;2021-12-11T15:00:00Z;Chelsea;Leeds;3;2;H;1;1;D;C Kavanagh;2;5;0;0;31.3;false;azul, blanco
2021-22;2021-12-11T15:00:00Z;Liverpool;Aston Villa;1;0;H;0;0;D;S Attwell;1;2;0;0;76.3;true;rojo, rojo
2021-22;2021-12-11T17:30:00Z;Norwich;Man United;0;1;A;0;0;D;D England;1;1;0;0;31.1;false;verde, amarillo
2021-22;2021-12-12T14:00:00Z;Burnley;West Ham;0;0;D;0;0;D;G Scott;2;1;0;0;30.8;false;rojo, celeste
2021-22;2021-12-12T14:00:00Z;Leicester;Newcastle;4;0;H;1;0;H;P Bankes;2;3;0;0;53.3;false;azul, blanco
2021-22;2021-12-12T16:30:00Z;Crystal Palace;Everton;3;1;H;1;0;H;A Madley;0;2;0;0;72.4;true;azul, rojo
2021-22;2021-12-14T19:45:00Z;Norwich;Aston Villa;0;2;A;0;1;A;D Coote;3;1;0;0;26.4;true;verde, amarillo
2021-22;2021-12-14T20:00:00Z;Man City;Leeds;7;0;H;3;0;H;P Tierney;1;1;0;0;72.8;false;celeste, blanco
2021-22;2021-12-15T19:30:00Z;Brighton;Wolves;0;1;A;0;1;A;T Harrington;2;0;0;0;57.3;false;azul, blanco
2021-22;2021-12-15T19:30:00Z;Crystal Palace;Southampton;2;2;D;1;2;A;S Hooper;2;4;0;0;22.5;false;azul, rojo
2021-22;2021-12-15T20:00:00Z;Arsenal;West Ham;2;0;H;0;0;D;A Taylor;2;0;0;1;79.7;true;rojo, blanco
2021-22;2021-12-16T19:45:00Z;Chelsea;Everton;1;1;D;0;0;D;M Oliver;2;3;0;0;55.4;true;azul, blanco
2021-22;2021-12-16T20:00:00Z;Liverpool;Newcastle;3;1;H;2;1;H;M Dean;1;3;0;0;38.3;false;rojo, rojo
2021-22;2021-12-18T17:30:00Z;Leeds;Arsenal;1;4;A;0;3;A;A Marriner;3;1;0;0;50.2;false;blanco, amarillo
2021-22;2021-12-19T14:00:00Z;Newcastle;Man City;0;4;A;0;2;A;M Atkinson;1;2;0;0;39.8;true;negro, blanco
2021-22;2021-12-19T14:00:00Z;Wolves;Chelsea;0;0;D;0;0;D;D Coote;0;2;0;0;70.2;true;amarillo, negro
2021-22;2021-12-19T16:30:00Z;Tottenham;Liverpool;2;2;D;1;1;D;P Tierney;4;4;0;1;75.4;false;blanco, azul
2021-22;2021-12-26T15:00:00Z;Man City;Leicester;6;3;H;4;0;H;C Kavanagh;1;2;0;0;43.7;true;celeste, blanco
2021-22;2021-12-26T15:00:00Z;Norwich;Arsenal;0;5;A;0;2;A;G Scott;1;2;0;0;57.1;true;verde, amarillo
2021-22;2021-12-26T15:00:00Z;Tottenham;Crystal Palace;3;0;H;2;0;H;J Moss;1;1;0;1;52.1;false;blanco, azul
2021-22;2021-12-26T15:00:00Z;West Ham;Southampton;2;3;A;0;1;A;K Friend;2;3;0;0;78.4;true;rojo, celeste
2021-22;2021-12-26T17:30:00Z;Aston Villa;Chelsea;1;3;A;1;1;D;M Atkinson;3;1;0;0;35.1;false;rojo, celeste, blanco
2021-22;2021-12-26T20:00:00Z;Brighton;Brentford;2;0;H;2;0;H;D England;1;3;0;0;30.0;false;azul, blanco
2021-22;2021-12-27T20:00:00Z;Newcastle;Man United;1;1;D;1;0;H;C Pawson;3;3;0;0;51.9;false;negro, blanco
2021-22;2021-12-28T15:00:00Z;Crystal Palace;Norwich;3;0;H;3;0;H;P Tierney;1;2;0;0;53.5;true;azul, rojo
2021-22;2021-12-28T15:00:00Z;Southampton;Tottenham;1;1;D;1;1;D;A Taylor;2;2;1;0;73.1;false;rojo, negro, blanco
2021-22;2021-12-28T15:00:00Z;Watford;West Ham;1;4;A;1;2;A;D England;0;1;0;0;38.2;true;amarillo, negro
2021-22;2021-12-28T20:00:00Z;Leicester;Liverpool;1;0;H;0;0;D;M Oliver;0;1;0;0;30.6;false;azul, blanco
2021-22;2021-12-29T19:30:00Z;Chelsea;Brighton;1;1;D;1;0;H;M Dean;4;1;0;0;33.9;true;azul, blanco
2021-22;2021-12-29T20:15:00Z;Brentford;Man City;0;1;A;0;1;A;D Coote;0;0;0;0;31.4;false;rojo, blanco, negro
2021-22;2021-12-30T20:15:00Z;Man United;Burnley;3;1;H;3;1;H;J Moss;0;0;0;0;46.6;true;rojo, blanco
2021-22;2022-01-01T12:30:00Z;Arsenal;Man City;1;2;A;1;0;H;S Attwell;3;2;1;0;30.1;false;rojo, blanco
2021-22;2022-01-01T15:00:00Z;Watford;Tottenham;0;1;A;0;0;D;R Jones;0;1;0;0;76.1;true;amarillo, negro
2021-22;2022-01-01T17:30:00Z;Crystal Palace;West Ham;2;3;A;0;3;A;D England;0;2;0;0;28.4;true;azul, rojo
2021-22;2022-01-02T14:00:00Z;Brentford;Aston Villa;2;1;H;1;1;D;C Pawson;2;2;0;0;23.3;true;rojo, blanco, negro
2021-22;2022-01-02T14:00:00Z;Everton;Brighton;2;3;A;0;2;A;J Brooks;1;1;0;0;56.3;false;azul, blanco
2021-22;2022-01-02T14:00:00Z;Leeds;Burnley;3;1;H;1;0;H;P Tierney;2;1;0;0;40.3;true;blanco, amarillo
2021-22;2022-01-02T16:30:00Z;Chelsea;Liverpool;2;2;D;2;2;D;A Taylor;1;2;0;0;29.5;true;azul, blanco
2021-22;2022-01-03T17:30:00Z;Man United;Wolves;0;1;A;0;0;D;M Dean;3;1;0;0;39.2;false;rojo, blanco
2021-22;2022-01-11T19:45:00Z;Southampton;Brentford;4;1;H;2;1;H;S Attwell;0;1;0;0;65.7;true;rojo, negro, blanco
2021-22;2022-01-12T19:45:00Z;West Ham;Norwich;2;0;H;1;0;H;S Hooper;0;0;0;0;32.6;false;rojo, celeste
2021-22;2022-01-14T20:00:00Z;Brighton;Crystal Palace;1;1;D;0;0;D;R Jones;0;2;0;0;46.6;true;azul, blanco
2021-22;2022-01-15T12:30:00Z;Man City;Chelsea;1;0;H;0;0;D;C Pawson;0;2;0;0;61.0;true;celeste, blanco
2021-22;2022-01-15T15:00:00Z;Newcastle;Watford;1;1;D;0;0;D;P Tierney;3;2;0;0;32.5;false;negro, blanco
2021-22;2022-01-15T15:00:00Z;Norwich;Everton;2;1;H;2;0;H;A Madley;3;1;0;0;31.3;true;verde, amarillo
2021-22;2022-01-15T15:00:00Z;Wolves;Southampton;3;1;H;1;0;H;M Salisbury;2;3;0;0;41.0;false;amarillo, negro
2021-22;2022-01-15T17:30:00Z;Aston Villa;Man United;2;2;D;0;1;A;D Coote;1;2;0;0;67.2;true;rojo, celeste, blanco
2021-22;2022-01-16T14:00:00Z;Liverpool;Brentford;3;0;H;1;0;H;J Moss;0;1;0;0;66.1;false;rojo, rojo
2021-22;2022-01-16T14:00:00Z;West Ham;Leeds;2;3;A;1;2;A;M Dean;3;2;0;0;53.7;false;rojo, celeste
2021-22;2022-01-18T20:00:00Z;Brighton;Chelsea;1;1;D;0;1;A;K Friend;1;2;0;0;69.2;false;azul, blanco
2021-22;2022-01-19T19:30:00Z;Leicester;Tottenham;2;3;A;1;1;D;J Moss;1;2;0;0;61.3;true;azul, blanco
2021-22;2022-01-19T20:00:00Z;Brentford;Man United;1;3;A;0;0;D;A Marriner;0;0;0;0;74.8;false;rojo, blanco, negro
2021-22;2022-01-21T20:00:00Z;Watford;Norwich;0;3;A;0;0;D;M Dean;0;1;1;0;38.8;false;amarillo, negro
2021-22;2022-01-22T12:30:00Z;Everton;Aston Villa;0;1;A;0;1;A;C Pawson;5;3;0;0;40.6;false;azul, blanco
2021-22;2022-01-22T15:00:00Z;Brentford;Wolves;1;2;A;0;0;D;P Bankes;2;3;0;0;48.3;false;rojo, blanco, negro
2021-22;2022-01-22T15:00:00Z;Leeds;Newcastle;0;1;A;0;0;D;C Kavanagh;4;2;0;0;61.6;true;blanco, amarillo
2021-22;2022-01-22T15:00:00Z;Man United;West Ham;1;0;H;0;0;D;J Moss;1;1;0;0;69.5;false;rojo, blanco
2021-22;2022-01-22T17:30:00Z;Southampton;Man City;1;1;D;1;0;H;S Hooper;3;0;0;0;50.3;true;rojo, negro, blanco
2021-22;2022-01-23T14:00:00Z;Arsenal;Burnley;0;0;D;0;0;D;D Coote;0;2;0;0;24.7;false;rojo, blanco
2021-22;2022-01-23T14:00:00Z;Crystal Palace;Liverpool;1;3;A;0;2;A;K Friend;4;1;0;0;37.8;true;azul, rojo
2021-22;2022-01-23T14:00:00Z;Leicester;Brighton;1;1;D;0;0;D;M Atkinson;0;1;0;0;21.5;true;azul, blanco
2021-22;2022-01-23T16:30:00Z;Chelsea;Tottenham;2;0;H;0;0;D;P Tierney;2;1;0;0;33.7;false;azul, blanco
2021-22;2022-02-05T18:00:00Z;Burnley;Watford;0;0;D;0;0;D;C Pawson;1;2;0;0;24.9;true;rojo, celeste
2021-22;2022-02-08T19:45:00Z;Newcastle;Everton;3;1;H;1;1;D;A Taylor;2;3;0;0;38.5;true;negro, blanco
2021-22;2022-02-08T19:45:00Z;West Ham;Watford;1;0;H;0;0;D;M Atkinson;1;0;0;0;48.2;true;rojo, celeste
2021-22;2022-02-08T20:00:00Z;Burnley;Man United;1;1;D;0;1;A;M Dean;2;1;0;0;49.3;true;rojo, celeste
2021-22;2022-02-09T19:45:00Z;Man City;Brentford;2;0;H;1;0;H;D England;0;0;0;0;43.8;true;celeste, blanco
2021-22;2022-02-09T19:45:00Z;Norwich;Crystal Palace;1;1;D;1;0;H;P Tierney;1;2;0;0;57.4;false;verde, amarillo
2021-22;2022-02-09T19:45:00Z;Tottenham;Southampton;2;3;A;1;1;D;D Coote;2;3;0;0;29.2;true;blanco, azul
2021-22;2022-02-09T20:00:00Z;Aston Villa;Leeds;3;3;D;3;2;H;J Gillett;1;3;1;0;56.6;true;rojo, celeste, blanco
2021-22;2022-02-10T19:45:00Z;Liverpool;Leicester;2;0;H;1;0;H;C Kavanagh;1;0;0;0;77.6;true;rojo, rojo
2021-22;2022-02-10T19:45:00Z;Wolves;Arsenal;0;1;A;0;1;A;M Oliver;2;3;0;1;34.8;false;amarillo, negro
2021-22;2022-02-12T12:30:00Z;Man United;Southampton;1;1;D;1;0;H;S Attwell;4;0;0;0;33.3;false;rojo, blanco
2021-22;2022-02-12T15:00:00Z;Brentford;Crystal Palace;0;0;D;0;0;D;S Hooper;1;0;0;0;55.5;true;rojo, blanco, negro
2021-22;2022-02-12T15:00:00Z;Everton;Leeds;3;0;H;2;0;H;G Scott;1;1;0;0;27.0;false;azul, blanco
2021-22;2022-02-12T15:00:00Z;Watford;Brighton;0;2;A;0;1;A;J Moss;3;2;0;0;45.1;true;amarillo, negro
2021-22;2022-02-12T17:30:00Z;Norwich;Man City;0;4;A;0;1;A;A Marriner;0;2;0;0;24.7;false;verde, amarillo
2021-22;2022-02-13T14:00:00Z;Burnley;Liverpool;0;1;A;0;1;A;M Atkinson;0;1;0;0;28.9;false;rojo, celeste
2021-22;2022-02-13T14:00:00Z;Newcastle;Aston Villa;1;0;H;1;0;H;C Pawson;3;4;0;0;24.0;false;negro, blanco
2021-22;2022-02-13T14:00:00Z;Tottenham;Wolves;0;2;A;0;2;A;K Friend;3;1;0;0;76.0;true;blanco, azul
2021-22;2022-02-13T16:30:00Z;Leicester;West Ham;2;2;D;1;1;D;M Oliver;1;2;0;0;36.1;true;azul, blanco
2021-22;2022-02-15T20:15:00Z;Man United;Brighton;2;0;H;0;0;D;P Bankes;3;1;0;1;42.9;true;rojo, blanco
2021-22;2022-02-19T12:30:00Z;West Ham;Newcastle;1;1;D;1;1;D;C Kavanagh;3;3;0;0;53.2;true;rojo, celeste
2021-22;2022-02-19T15:00:00Z;Arsenal;Brentford;2;1;H;0;0;D;J Moss;1;1;0;0;77.8;false;rojo, blanco
2021-22;2022-02-19T15:00:00Z;Aston Villa;Watford;0;1;A;0;0;D;R Jones;1;2;0;0;27.2;true;rojo, celeste, blanco
2021-22;2022-02-19T15:00:00Z;Brighton;Burnley;0;3;A;0;2;A;K Friend;1;4;0;0;36.3;true;azul, blanco
2021-22;2022-02-19T15:00:00Z;Crystal Palace;Chelsea;0;1;A;0;0;D;D Coote;1;3;0;0;49.8;true;azul, rojo
2021-22;2022-02-19T15:00:00Z;Liverpool;Norwich;3;1;H;0;0;D;M Dean;0;1;0;0;34.0;true;rojo, rojo
2021-22;2022-02-19T15:00:00Z;Southampton;Everton;2;0;H;0;0;D;A Madley;0;2;0;0;47.8;true;rojo, negro, blanco
2021-22;2022-02-19T17:30:00Z;Man City;Tottenham;2;3;A;1;1;D;A Taylor;0;3;0;0;46.6;true;celeste, blanco
2021-22;2022-02-20T14:00:00Z;Leeds;Man United;2;4;A;0;2;A;P Tierney;6;3;0;0;36.6;true;blanco, amarillo
2021-22;2022-02-20T16:30:00Z;Wolves;Leicester;2;1;H;1;1;D;C Pawson;4;4;0;0;61.9;false;amarillo, negro
2021-22;2022-02-23T19:30:00Z;Burnley;Tottenham;1;0;H;0;0;D;G Scott;0;0;0;0;41.7;false;rojo, celeste
2021-22;2022-02-23T19:30:00Z;Watford;Crystal Palace;1;4;A;1;2;A;A Marriner;2;1;0;0;63.1;false;amarillo, negro
2021-22;2022-02-23T19:45:00Z;Liverpool;Leeds;6;0;H;3;0;H;M Oliver;0;3;0;0;34.2;false;rojo, rojo
2021-22;2022-02-24T19:45:00Z;Arsenal;Wolves;2;1;H;0;1;A;M Atkinson;1;1;0;0;60.5;false;rojo, blanco
2021-22;2022-02-25T20:00:00Z;Southampton;Norwich;2;0;H;1;0;H;S Hooper;1;2;0;0;67.4;true;rojo, negro, blanco
2021-22;2022-02-26T12:30:00Z;Leeds;Tottenham;0;4;A;0;3;A;C Pawson;4;2;0;0;49.6;true;blanco, amarillo
2021-22;2022-02-26T15:00:00Z;Brentford;Newcastle;0;2;A;0;2;A;M Dean;3;1;1;0;60.4;false;rojo, blanco, negro
2021-22;2022-02-26T15:00:00Z;Crystal Palace;Burnley;1;1;D;1;0;H;J Moss;0;2;0;0;27.1;false;azul, rojo
2021-22;2022-02-26T15:00:00Z;Man United;Watford;0;0;D;0;0;D;K Friend;0;0;0;0;73.1;true;rojo, blanco
2021-22;2022-02-26T15:30:00Z;Brighton;Aston Villa;0;2;A;0;1;A;J Brooks;4;5;0;0;78.7;false;azul, blanco
2021-22;2022-02-26T17:30:00Z;Everton;Man City;0;1;A;0;0;D;P Tierney;3;2;0;0;60.1;true;azul, blanco
2021-22;2022-02-27T14:00:00Z;West Ham;Wolves;1;0;H;0;0;D;A Taylor;1;0;0;0;38.1;false;rojo, celeste
2021-22;2022-03-01T19:45:00Z;Burnley;Leicester;0;2;A;0;0;D;C Kavanagh;1;1;0;0;56.5;false;rojo, celeste
2021-22;2022-03-05T12:30:00Z;Leicester;Leeds;1;0;H;0;0;D;D Coote;1;2;0;0;50.8;false;azul, blanco
2021-22;2022-03-05T15:00:00Z;Aston Villa;Southampton;4;0;H;2;0;H;P Bankes;1;1;0;0;44.2;false;rojo, celeste, blanco
2021-22;2022-03-05T15:00:00Z;Burnley;Chelsea;0;4;A;0;0;D;A Marriner;2;0;0;0;37.3;true;rojo, celeste
2021-22;2022-03-05T15:00:00Z;Newcastle;Brighton;2;1;H;2;0;H;M Atkinson;1;1;0;0;36.4;false;negro, blanco
2021-22;2022-03-05T15:00:00Z;Norwich;Brentford;1;3;A;0;1;A;A Taylor;2;5;0;0;68.9;false;verde, amarillo
2021-22;2022-03-05T15:00:00Z;Wolves;Crystal Palace;0;2;A;0;2;A;A Madley;0;3;0;0;52.6;false;amarillo, negro
2021-22;2022-03-05T17:30:00Z;Liverpool;West Ham;1;0;H;1;0;H;J Moss;2;1;0;0;70.5;true;rojo, rojo
2021-22;2022-03-06T14:00:00Z;Watford;Arsenal;2;3;A;1;2;A;C Pawson;1;2;0;0;68.5;true;amarillo, negro
2021-22;2022-03-06T16:30:00Z;Man City;Man United;4;1;H;2;1;H;M Oliver;0;1;0;0;46.4;true;celeste, blanco
2021-22;2022-03-07T20:00:00Z;Tottenham;Everton;5;0;H;3;0;H;S Attwell;2;0;0;0;70.6;false;blanco, azul
2021-22;2022-03-10T19:30:00Z;Norwich;Chelsea;1;3;A;0;2;A;M Atkinson;0;2;0;0;46.7;true;verde, amarillo
2021-22;2022-03-10T19:30:00Z;Southampton;Newcastle;1;2;A;1;1;D;K Friend;1;1;0;0;56.0;false;rojo, negro, blanco
2021-22;2022-03-10T19:30:00Z;Wolves;Watford;4;0;H;2;0;H;D England;2;2;0;0;28.6;true;amarillo, negro
2021-22;2022-03-10T19:45:00Z;Leeds;Aston Villa;0;3;A;0;1;A;S Hooper;5;3;0;0;65.5;false;blanco, amarillo
;;;;;;;;;;;;;;;50.1;false;
;;;;;;;;;;;;;;;50.2;;
